Workbook

Sheet Billing Dimensions
A1: MANUAL ENTRIES HERE | C1: Box 1 Dimension Details | G1: Box 2 Dimension Details | K1: Box 3 Dimension Details | P1: Vol.Wht | Q1: Total Weight | S1: Chg.Wht | T1: Theoretical Weight
C2: Long | D2: Med | E2: Smal | F2: Actual.Wht | G2: Long | H2: Med | I2: Smal | J2: Actual.Wht | K2: Long | L2: Med | M2: Smal | N2: Actual.Wht | O2: CBF | P2: 6 | Q2: Phys.Wht | R2: Wht(Kgs) | U2: Difference | V2: Diff % | W2: KG/CBF | Y2: Remark
A3: MTP SKU Code | B3: SB/MB | C3: Lcm | D3: Bcm | E3: Hcm | F3: PW(gm) | G3: Lcm2 | H3: Bcm3 | I3: Hcm4 | J3: PW(gm)5 | K3: Lcm6 | L3: Bcm7 | M3: Hcm8 | N3: PW(gm)9 | O3: Column15 | P3: Kgs | Q3: Gms | R3: Kgs10 | S3: Column11 | T3: Column12 | U3: Column13 | V3: Column14 | W3: Column16 | X3: x | Y3: Remark
A4: B-MLT-KT | B4: MB | C4: 204 | D4: 39 | E4: 6 | F4: 26800 | G4: 190 | H4: 80 | I4: 6 | J4: 32100 | K4: 107 | L4: 96 | M4: 7 | N4: 40400 | O4: =((IFERROR((C4*D4*E4),0)+IFERROR((G4*H4*I4),0)+IFERROR((K4*L4*M4),0))/1000000)*35.32 -> 7.4468688 | P4: =F4+J4+N4 -> 99300 | Q4: =F4+J4+N4 -> 99300 | R4: =MAX(Q4,O4) -> 99300 | S4: =MAX(R4,P4) -> 99300 | T4: =MAX(S4,Q4) -> 99300 | U4: =T4-Q4 -> 0 | V4: =U4/T4 -> 0 | W4: =R4/O4 -> 13334.463 | Y4: phy. not avilable
A5: B-MLT-QT | B5: MB | C5: 204 | D5: 39 | E5: 7 | F5: 25770 | G5: 162 | H5: 81 | I5: 5 | J5: 28000 | K5: 104 | L5: 80 | M5: 7 | N5: 35000 | O5: =((IFERROR((C5*D5*E5),0)+IFERROR((G5*H5*I5),0)+IFERROR((K5*L5*M5),0))/1000000)*35.32 -> 6.3414234 | P5: =F5+J5+N5 -> 88770 | Q5: =F5+J5+N5 -> 88770 | R5: =MAX(Q5,O5) -> 88770 | S5: =MAX(R5,P5) -> 88770 | T5: =MAX(S5,Q5) -> 88770 | U5: =T5-Q5 -> 0 | V5: =U5/T5 -> 0 | W5: =R5/O5 -> 13998.434 | Y5: ok
A6: B-POL-KN | B6: MB | C6: 205 | D6: 54 | E6: 10 | F6: 35000 | G6: 105 | H6: 94 | I6: 5 | J6: 35000 | O6: =((IFERROR((C6*D6*E6),0)+IFERROR((G6*H6*I6),0)+IFERROR((K6*L6*M6),0))/1000000)*35.32 -> 5.652966 | P6: =F6+J6+N6 -> 70000 | Q6: =F6+J6+N6 -> 70000 | R6: =MAX(Q6,O6) -> 70000 | S6: =MAX(R6,P6) -> 70000 | T6: =MAX(S6,Q6) -> 70000 | U6: =T6-Q6 -> 0 | V6: =U6/T6 -> 0 | W6: =R6/O6 -> 12382.88 | Y6: phy. not avilable
A7: B-POL-KT | B7: MB | C7: 207 | D7: 38 | E7: 8 | F7: 34800 | G7: 192 | H7: 40 | I7: 6 | J7: 22700 | K7: 105 | L7: 96 | M7: 7 | N7: 38800 | O7: =((IFERROR((C7*D7*E7),0)+IFERROR((G7*H7*I7),0)+IFERROR((K7*L7*M7),0))/1000000)*35.32 -> 6.3423418 | P7: =F7+J7+N7 -> 96300 | Q7: =F7+J7+N7 -> 96300 | R7: =MAX(Q7,O7) -> 96300 | S7: =MAX(R7,P7) -> 96300 | T7: =MAX(S7,Q7) -> 96300 | U7: =T7-Q7 -> 0 | V7: =U7/T7 -> 0 | W7: =R7/O7 -> 15183.666 | Y7: ok
A8: B-POL-QN | B8: MB | C8: 206 | D8: 50 | E8: 10 | F8: 46000 | G8: 102 | H8: 79 | I8: 5 | J8: 24000 | O8: =((IFERROR((C8*D8*E8),0)+IFERROR((G8*H8*I8),0)+IFERROR((K8*L8*M8),0))/1000000)*35.32 -> 5.0610028 | P8: =F8+J8+N8 -> 70000 | Q8: =F8+J8+N8 -> 70000 | R8: =MAX(Q8,O8) -> 70000 | S8: =MAX(R8,P8) -> 70000 | T8: =MAX(S8,Q8) -> 70000 | U8: =T8-Q8 -> 0 | V8: =U8/T8 -> 0 | W8: =R8/O8 -> 13831.251 | Y8: phy. not avilable
A9: B-POL-QT | B9: MB | C9: 202 | D9: 40 | E9: 9 | F9: 34290 | G9: 162 | H9: 40 | I9: 6 | J9: 18850 | K9: 104 | L9: 82 | M9: 7 | N9: 37400 | O9: =((IFERROR((C9*D9*E9),0)+IFERROR((G9*H9*I9),0)+IFERROR((K9*L9*M9),0))/1000000)*35.32 -> 6.0501747 | P9: =F9+J9+N9 -> 90540 | Q9: =F9+J9+N9 -> 90540 | R9: =MAX(Q9,O9) -> 90540 | S9: =MAX(R9,P9) -> 90540 | T9: =MAX(S9,Q9) -> 90540 | U9: =T9-Q9 -> 0 | V9: =U9/T9 -> 0 | W9: =R9/O9 -> 14964.857 | Y9: ok
A10: B-POL-SN | B10: MB | C10: 204 | D10: 48 | E10: 6 | F10: 31000 | G10: 106 | H10: 96 | I10: 3 | J10: 15100 | O10: =((IFERROR((C10*D10*E10),0)+IFERROR((G10*H10*I10),0)+IFERROR((K10*L10*M10),0))/1000000)*35.32 -> 3.1533696 | P10: =F10+J10+N10 -> 46100 | Q10: =F10+J10+N10 -> 46100 | R10: =MAX(Q10,O10) -> 46100 | S10: =MAX(R10,P10) -> 46100 | T10: =MAX(S10,Q10) -> 46100 | U10: =T10-Q10 -> 0 | V10: =U10/T10 -> 0 | W10: =R10/O10 -> 14619.282 | Y10: ok
A11: B-RVB-D30N | O11: =((IFERROR((C11*D11*E11),0)+IFERROR((G11*H11*I11),0)+IFERROR((K11*L11*M11),0))/1000000)*35.32 -> 0 | P11: =F11+J11+N11 -> 0 | Q11: =F11+J11+N11 -> 0 | R11: =MAX(Q11,O11) -> 0 | S11: =MAX(R11,P11) -> 0 | T11: =MAX(S11,Q11) -> 0 | U11: =T11-Q11 -> 0 | V11: =U11/T11 -> #DIV/0! | W11: =R11/O11 -> #DIV/0! | Y11: phy. not avilable
A12: B-RVB-D36N | B12: SB | C12: 188 | D12: 44 | E12: 9 | F12: 33270 | O12: =((IFERROR((C12*D12*E12),0)+IFERROR((G12*H12*I12),0)+IFERROR((K12*L12*M12),0))/1000000)*35.32 -> 2.6295034 | P12: =F12+J12+N12 -> 33270 | Q12: =F12+J12+N12 -> 33270 | R12: =MAX(Q12,O12) -> 33270 | S12: =MAX(R12,P12) -> 33270 | T12: =MAX(S12,Q12) -> 33270 | U12: =T12-Q12 -> 0 | V12: =U12/T12 -> 0 | W12: =R12/O12 -> 12652.579 | Y12: ok
A13: B-RVB-KN | B13: MB | C13: 206 | D13: 50 | E13: 8 | F13: 45600 | G13: 105 | H13: 96 | I13: 5 | J13: 27600 | O13: =((IFERROR((C13*D13*E13),0)+IFERROR((G13*H13*I13),0)+IFERROR((K13*L13*M13),0))/1000000)*35.32 -> 4.690496 | P13: =F13+J13+N13 -> 73200 | Q13: =IFERROR(F13,0)+IFERROR(J13,0)+IFERROR(N13,0) -> 73200 | R13: =MAX(Q13,O13) -> 73200 | S13: =MAX(R13,P13) -> 73200 | T13: =MAX(S13,Q13) -> 73200 | U13: =T13-Q13 -> 0 | V13: =U13/T13 -> 0 | W13: =R13/O13 -> 15606.025 | Y13: ok
A14: B-RVB-QN | B14: MB | C14: 205 | D14: 50 | E14: 8 | F14: 41950 | G14: 104 | H14: 84 | I14: 5 | J14: 23100 | O14: =((IFERROR((C14*D14*E14),0)+IFERROR((G14*H14*I14),0)+IFERROR((K14*L14*M14),0))/1000000)*35.32 -> 4.4390176 | P14: =F14+J14+N14 -> 65050 | Q14: =F14+J14+N14 -> 65050 | R14: =MAX(Q14,O14) -> 65050 | S14: =MAX(R14,P14) -> 65050 | T14: =MAX(S14,Q14) -> 65050 | U14: =T14-Q14 -> 0 | V14: =U14/T14 -> 0 | W14: =R14/O14 -> 14654.143 | Y14: ok
A15: B-RVB-SN | B15: MB | C15: 199 | D15: 38 | E15: 9 | F15: 30460 | G15: 99 | H15: 54 | I15: 5 | J15: 16000 | O15: =((IFERROR((C15*D15*E15),0)+IFERROR((G15*H15*I15),0)+IFERROR((K15*L15*M15),0))/1000000)*35.32 -> 3.3479122 | P15: =F15+J15+N15 -> 46460 | Q15: =F15+J15+N15 -> 46460 | R15: =MAX(Q15,O15) -> 46460 | S15: =MAX(R15,P15) -> 46460 | T15: =MAX(S15,Q15) -> 46460 | U15: =T15-Q15 -> 0 | V15: =U15/T15 -> 0 | W15: =R15/O15 -> 13877.306 | Y15: ok
A16: BT-CO | B16: SB | C16: 72 | D16: 39 | E16: 5 | F16: 6470 | O16: =((IFERROR((C16*D16*E16),0)+IFERROR((G16*H16*I16),0)+IFERROR((K16*L16*M16),0))/1000000)*35.32 -> 0.4958928 | P16: =F16+J16+N16 -> 6470 | Q16: =F16+J16+N16 -> 6470 | R16: =MAX(Q16,O16) -> 6470 | S16: =MAX(R16,P16) -> 6470 | T16: =MAX(S16,Q16) -> 6470 | U16: =T16-Q16 -> 0 | V16: =U16/T16 -> 0 | W16: =R16/O16 -> 13047.175 | Y16: ok
A17: BT-HE | B17: SB | C17: 42 | D17: 41 | E17: 6 | F17: 4300 | O17: =((IFERROR((C17*D17*E17),0)+IFERROR((G17*H17*I17),0)+IFERROR((K17*L17*M17),0))/1000000)*35.32 -> 0.36492624 | P17: =F17+J17+N17 -> 4300 | Q17: =F17+J17+N17 -> 4300 | R17: =MAX(Q17,O17) -> 4300 | S17: =MAX(R17,P17) -> 4300 | T17: =MAX(S17,Q17) -> 4300 | U17: =T17-Q17 -> 0 | V17: =U17/T17 -> 0 | W17: =R17/O17 -> 11783.203 | Y17: ok
A18: BT-LE-B | B18: ` | C18: 64 | D18: 58 | E18: 12 | F18: 15000 | O18: =((IFERROR((C18*D18*E18),0)+IFERROR((G18*H18*I18),0)+IFERROR((K18*L18*M18),0))/1000000)*35.32 -> 1.5732941 | P18: =F18+J18+N18 -> 15000 | Q18: =F18+J18+N18 -> 15000 | R18: =MAX(Q18,O18) -> 15000 | S18: =MAX(R18,P18) -> 15000 | T18: =MAX(S18,Q18) -> 15000 | U18: =T18-Q18 -> 0 | V18: =U18/T18 -> 0 | W18: =R18/O18 -> 9534.1362 | Y18: phy. not avilable
A19: BT-LE-S | O19: =((IFERROR((C19*D19*E19),0)+IFERROR((G19*H19*I19),0)+IFERROR((K19*L19*M19),0))/1000000)*35.32 -> 0 | P19: =F19+J19+N19 -> 0 | Q19: =F19+J19+N19 -> 0 | R19: =MAX(Q19,O19) -> 0 | S19: =MAX(R19,P19) -> 0 | T19: =MAX(S19,Q19) -> 0 | U19: =T19-Q19 -> 0 | V19: =U19/T19 -> #DIV/0! | W19: =R19/O19 -> #DIV/0! | Y19: phy. not avilable
A20: BT-OL | B20: SB | C20: 48 | D20: 45 | E20: 5 | F20: 7700 | O20: =((IFERROR((C20*D20*E20),0)+IFERROR((G20*H20*I20),0)+IFERROR((K20*L20*M20),0))/1000000)*35.32 -> 0.381456 | P20: =F20+J20+N20 -> 7700 | Q20: =F20+J20+N20 -> 7700 | R20: =MAX(Q20,O20) -> 7700 | S20: =MAX(R20,P20) -> 7700 | T20: =MAX(S20,Q20) -> 7700 | U20: =T20-Q20 -> 0 | V20: =U20/T20 -> 0 | W20: =R20/O20 -> 20185.814 | Y20: ok
A21: BT-OL-D | B21: SB | C21: 60 | D21: 44 | E21: 7 | F21: 10490 | O21: =((IFERROR((C21*D21*E21),0)+IFERROR((G21*H21*I21),0)+IFERROR((K21*L21*M21),0))/1000000)*35.32 -> 0.6527136 | P21: =F21+J21+N21 -> 10490 | Q21: =F21+J21+N21 -> 10490 | R21: =MAX(Q21,O21) -> 10490 | S21: =MAX(R21,P21) -> 10490 | T21: =MAX(S21,Q21) -> 10490 | U21: =T21-Q21 -> 0 | V21: =U21/T21 -> 0 | W21: =R21/O21 -> 16071.367 | Y21: ok
A22: CMB-RELO | O22: =((IFERROR((C22*D22*E22),0)+IFERROR((G22*H22*I22),0)+IFERROR((K22*L22*M22),0))/1000000)*35.32 -> 0 | P22: =F22+J22+N22 -> 0 | Q22: =F22+J22+N22 -> 0 | R22: =MAX(Q22,O22) -> 0 | S22: =MAX(R22,P22) -> 0 | T22: =MAX(S22,Q22) -> 0 | U22: =T22-Q22 -> 0 | V22: =U22/T22 -> #DIV/0! | W22: =R22/O22 -> #DIV/0! | Y22: phy. not avilable
A23: CT-ATD-LA | B23: SB | C23: 123 | D23: 56 | E23: 5 | F23: 24490 | O23: =((IFERROR((C23*D23*E23),0)+IFERROR((G23*H23*I23),0)+IFERROR((K23*L23*M23),0))/1000000)*35.32 -> 1.2164208 | P23: =F23+J23+N23 -> 24490 | Q23: =F23+J23+N23 -> 24490 | R23: =MAX(Q23,O23) -> 24490 | S23: =MAX(R23,P23) -> 24490 | T23: =MAX(S23,Q23) -> 24490 | U23: =T23-Q23 -> 0 | V23: =U23/T23 -> 0 | W23: =R23/O23 -> 20132.836 | Y23: phy. not avilable
A24: CT-ATD | B24: SB | F24: 15800 | O24: =((IFERROR((C24*D24*E24),0)+IFERROR((G24*H24*I24),0)+IFERROR((K24*L24*M24),0))/1000000)*35.32 -> 0 | P24: =F24+J24+N24 -> 15800 | Q24: =F24+J24+N24 -> 15800 | R24: =MAX(Q24,O24) -> 15800 | S24: =MAX(R24,P24) -> 15800 | T24: =MAX(S24,Q24) -> 15800 | U24: =T24-Q24 -> 0 | V24: =U24/T24 -> 0 | W24: =R24/O24 -> #DIV/0! | Y24: phy. not avilable
A25: CT-ATD-ST | B25: SB | C25: 112 | D25: 51 | E25: 5 | F25: 14800 | O25: =((IFERROR((C25*D25*E25),0)+IFERROR((G25*H25*I25),0)+IFERROR((K25*L25*M25),0))/1000000)*35.32 -> 1.0087392 | P25: =F25+J25+N25 -> 14800 | Q25: =F25+J25+N25 -> 14800 | R25: =MAX(Q25,O25) -> 14800 | S25: =MAX(R25,P25) -> 14800 | T25: =MAX(S25,Q25) -> 14800 | U25: =T25-Q25 -> 0 | V25: =U25/T25 -> 0 | W25: =R25/O25 -> 14671.78 | Y25: ok
A26: CT-DOV | B26: SB | C26: 111 | D26: 50 | E26: 8 | F26: 21750 | O26: =((IFERROR((C26*D26*E26),0)+IFERROR((G26*H26*I26),0)+IFERROR((K26*L26*M26),0))/1000000)*35.32 -> 1.568208 | P26: =F26+J26+N26 -> 21750 | Q26: =F26+J26+N26 -> 21750 | R26: =MAX(Q26,O26) -> 21750 | S26: =MAX(R26,P26) -> 21750 | T26: =MAX(S26,Q26) -> 21750 | U26: =T26-Q26 -> 0 | V26: =U26/T26 -> 0 | W26: =R26/O26 -> 13869.334 | Y26: ok
A27: CT-ETE | B27: SB | C27: 106 | D27: 50 | E27: 7 | F27: 12400 | O27: =((IFERROR((C27*D27*E27),0)+IFERROR((G27*H27*I27),0)+IFERROR((K27*L27*M27),0))/1000000)*35.32 -> 1.310372 | P27: =F27+J27+N27 -> 12400 | Q27: =F27+J27+N27 -> 12400 | R27: =MAX(Q27,O27) -> 12400 | S27: =MAX(R27,P27) -> 12400 | T27: =MAX(S27,Q27) -> 12400 | U27: =T27-Q27 -> 0 | V27: =U27/T27 -> 0 | W27: =R27/O27 -> 9462.9617 | Y27: ok
A28: CT-GSE-RT | B28: SB | C28: 99 | D28: 50 | E28: 4 | F28: 6120 | O28: =((IFERROR((C28*D28*E28),0)+IFERROR((G28*H28*I28),0)+IFERROR((K28*L28*M28),0))/1000000)*35.32 -> 0.699336 | P28: =F28+J28+N28 -> 6120 | Q28: =F28+J28+N28 -> 6120 | R28: =MAX(Q28,O28) -> 6120 | S28: =MAX(R28,P28) -> 6120 | T28: =MAX(S28,Q28) -> 6120 | U28: =T28-Q28 -> 0 | V28: =U28/T28 -> 0 | W28: =R28/O28 -> 8751.1582 | Y28: ok
A29: CT-GSE-RT2 | B29: SB | C29: 98 | D29: 51 | E29: 4 | F29: 11390 | O29: =((IFERROR((C29*D29*E29),0)+IFERROR((G29*H29*I29),0)+IFERROR((K29*L29*M29),0))/1000000)*35.32 -> 0.70611744 | P29: =F29+J29+N29 -> 11390 | Q29: =F29+J29+N29 -> 11390 | R29: =MAX(Q29,O29) -> 11390 | S29: =MAX(R29,P29) -> 11390 | T29: =MAX(S29,Q29) -> 11390 | U29: =T29-Q29 -> 0 | V29: =U29/T29 -> 0 | W29: =R29/O29 -> 16130.461 | Y29: ok
A30: CT-GSE-SQ | B30: SB | C30: 75 | D30: 75 | E30: 4 | F30: 8200 | O30: =((IFERROR((C30*D30*E30),0)+IFERROR((G30*H30*I30),0)+IFERROR((K30*L30*M30),0))/1000000)*35.32 -> 0.7947 | P30: =F30+J30+N30 -> 8200 | Q30: =F30+J30+N30 -> 8200 | R30: =MAX(Q30,O30) -> 8200 | S30: =MAX(R30,P30) -> 8200 | T30: =MAX(S30,Q30) -> 8200 | U30: =T30-Q30 -> 0 | V30: =U30/T30 -> 0 | W30: =R30/O30 -> 10318.359 | Y30: ok
A31: CT-GSE-SQ2 | B31: SB | C31: 76 | D31: 76 | E31: 4 | F31: 12200 | O31: =((IFERROR((C31*D31*E31),0)+IFERROR((G31*H31*I31),0)+IFERROR((K31*L31*M31),0))/1000000)*35.32 -> 0.81603328 | P31: =F31+J31+N31 -> 12200 | Q31: =F31+J31+N31 -> 12200 | R31: =MAX(Q31,O31) -> 12200 | S31: =MAX(R31,P31) -> 12200 | T31: =MAX(S31,Q31) -> 12200 | U31: =T31-Q31 -> 0 | V31: =U31/T31 -> 0 | W31: =R31/O31 -> 14950.371 | Y31: ok
A32: CT-KV-RT | B32: SB | C32: 105 | D32: 51 | E32: 7 | F32: 11800 | O32: =((IFERROR((C32*D32*E32),0)+IFERROR((G32*H32*I32),0)+IFERROR((K32*L32*M32),0))/1000000)*35.32 -> 1.3239702 | P32: =F32+J32+N32 -> 11800 | Q32: =F32+J32+N32 -> 11800 | R32: =MAX(Q32,O32) -> 11800 | S32: =MAX(R32,P32) -> 11800 | T32: =MAX(S32,Q32) -> 11800 | U32: =T32-Q32 -> 0 | V32: =U32/T32 -> 0 | W32: =R32/O32 -> 8912.5873 | Y32: phy. not avilable
A33: CT-KV-SQ | B33: SB | C33: 81 | D33: 80 | E33: 7 | F33: 16900 | O33: =((IFERROR((C33*D33*E33),0)+IFERROR((G33*H33*I33),0)+IFERROR((K33*L33*M33),0))/1000000)*35.32 -> 1.6021152 | P33: =F33+J33+N33 -> 16900 | Q33: =F33+J33+N33 -> 16900 | R33: =MAX(Q33,O33) -> 16900 | S33: =MAX(R33,P33) -> 16900 | T33: =MAX(S33,Q33) -> 16900 | U33: =T33-Q33 -> 0 | V33: =U33/T33 -> 0 | W33: =R33/O33 -> 10548.555 | Y33: ok
A34: CT-LE | B34: SB | C34: 114 | D34: 56 | E34: 7 | F34: 10850 | O34: =((IFERROR((C34*D34*E34),0)+IFERROR((G34*H34*I34),0)+IFERROR((K34*L34*M34),0))/1000000)*35.32 -> 1.5783802 | P34: =F34+J34+N34 -> 10850 | Q34: =F34+J34+N34 -> 10850 | R34: =MAX(Q34,O34) -> 10850 | S34: =MAX(R34,P34) -> 10850 | T34: =MAX(S34,Q34) -> 10850 | U34: =T34-Q34 -> 0 | V34: =U34/T34 -> 0 | W34: =R34/O34 -> 6874.1361 | Y34: phy. not avilable
A35: CT-MD-RT | B35: SB | C35: 104 | D35: 60 | E35: 7 | F35: 17700 | O35: =((IFERROR((C35*D35*E35),0)+IFERROR((G35*H35*I35),0)+IFERROR((K35*L35*M35),0))/1000000)*35.32 -> 1.5427776 | P35: =F35+J35+N35 -> 17700 | Q35: =F35+J35+N35 -> 17700 | R35: =MAX(Q35,O35) -> 17700 | S35: =MAX(R35,P35) -> 17700 | T35: =MAX(S35,Q35) -> 17700 | U35: =T35-Q35 -> 0 | V35: =U35/T35 -> 0 | W35: =R35/O35 -> 11472.814 | Y35: phy. not avilable
A36: CT-MD-SQ | B36: SB | C36: 85 | D36: 84 | E36: 6 | F36: 17400 | O36: =((IFERROR((C36*D36*E36),0)+IFERROR((G36*H36*I36),0)+IFERROR((K36*L36*M36),0))/1000000)*35.32 -> 1.5131088 | P36: =F36+J36+N36 -> 17400 | Q36: =F36+J36+N36 -> 17400 | R36: =MAX(Q36,O36) -> 17400 | S36: =MAX(R36,P36) -> 17400 | T36: =MAX(S36,Q36) -> 17400 | U36: =T36-Q36 -> 0 | V36: =U36/T36 -> 0 | W36: =R36/O36 -> 11499.504 | Y36: phy. not avilable
A37: CT-MT-RO | B37: MB | C37: 70 | D37: 68 | E37: 8 | F37: 6920 | G37: 52 | H37: 12 | I37: 12 | J37: 1200 | O37: =((IFERROR((C37*D37*E37),0)+IFERROR((G37*H37*I37),0)+IFERROR((K37*L37*M37),0))/1000000)*35.32 -> 1.6094618 | P37: =F37+J37+N37 -> 8120 | Q37: =F37+J37+N37 -> 8120 | R37: =MAX(Q37,O37) -> 8120 | S37: =MAX(R37,P37) -> 8120 | T37: =MAX(S37,Q37) -> 8120 | U37: =T37-Q37 -> 0 | V37: =U37/T37 -> 0 | W37: =R37/O37 -> 5045.1649 | Y37: ok
A38: CT-MT-RT | B38: MB | C38: 100 | D38: 54 | E38: 4 | F38: 5400 | G38: 52 | H38: 12 | I38: 12 | J38: 1200 | O38: =((IFERROR((C38*D38*E38),0)+IFERROR((G38*H38*I38),0)+IFERROR((K38*L38*M38),0))/1000000)*35.32 -> 1.0273882 | P38: =F38+J38+N38 -> 6600 | Q38: =F38+J38+N38 -> 6600 | R38: =MAX(Q38,O38) -> 6600 | S38: =MAX(R38,P38) -> 6600 | T38: =MAX(S38,Q38) -> 6600 | U38: =T38-Q38 -> 0 | V38: =U38/T38 -> 0 | W38: =R38/O38 -> 6424.0569 | Y38: ok
A39: CT-MT-SQ | B39: MB | C39: 80 | D39: 80 | E39: 5 | F39: 6195 | G39: 52 | H39: 12 | I39: 12 | J39: 1200 | O39: =((IFERROR((C39*D39*E39),0)+IFERROR((G39*H39*I39),0)+IFERROR((K39*L39*M39),0))/1000000)*35.32 -> 1.3947162 | P39: =F39+J39+N39 -> 7395 | Q39: =F39+J39+N39 -> 7395 | R39: =MAX(Q39,O39) -> 7395 | S39: =MAX(R39,P39) -> 7395 | T39: =MAX(S39,Q39) -> 7395 | U39: =T39-Q39 -> 0 | V39: =U39/T39 -> 0 | W39: =R39/O39 -> 5302.1541 | Y39: ok
A40: CT-NO-RT | B40: SB | C40: 85 | D40: 45 | E40: 6 | F40: 10800 | O40: =((IFERROR((C40*D40*E40),0)+IFERROR((G40*H40*I40),0)+IFERROR((K40*L40*M40),0))/1000000)*35.32 -> 0.810594 | P40: =F40+J40+N40 -> 10800 | Q40: =F40+J40+N40 -> 10800 | R40: =MAX(Q40,O40) -> 10800 | S40: =MAX(R40,P40) -> 10800 | T40: =MAX(S40,Q40) -> 10800 | U40: =T40-Q40 -> 0 | V40: =U40/T40 -> 0 | W40: =R40/O40 -> 13323.563 | Y40: ok
A41: CT-NO-SQ | B41: SB | C41: 76 | D41: 76 | E41: 5 | F41: 12460 | O41: =((IFERROR((C41*D41*E41),0)+IFERROR((G41*H41*I41),0)+IFERROR((K41*L41*M41),0))/1000000)*35.32 -> 1.0200416 | P41: =F41+J41+N41 -> 12460 | Q41: =F41+J41+N41 -> 12460 | R41: =MAX(Q41,O41) -> 12460 | S41: =MAX(R41,P41) -> 12460 | T41: =MAX(S41,Q41) -> 12460 | U41: =T41-Q41 -> 0 | V41: =U41/T41 -> 0 | W41: =R41/O41 -> 12215.188 | Y41: ok
A42: CT-OL | B42: SB | C42: 101 | D42: 47 | E42: 5 | F42: 12400 | O42: =((IFERROR((C42*D42*E42),0)+IFERROR((G42*H42*I42),0)+IFERROR((K42*L42*M42),0))/1000000)*35.32 -> 0.8383202 | P42: =F42+J42+N42 -> 12400 | Q42: =F42+J42+N42 -> 12400 | R42: =MAX(Q42,O42) -> 12400 | S42: =MAX(R42,P42) -> 12400 | T42: =MAX(S42,Q42) -> 12400 | U42: =T42-Q42 -> 0 | V42: =U42/T42 -> 0 | W42: =R42/O42 -> 14791.484 | Y42: phy. not avilable
A43: CT-OSN-OV | B43: SB | C43: 105 | D43: 65 | E43: 4 | F43: 9640 | O43: =((IFERROR((C43*D43*E43),0)+IFERROR((G43*H43*I43),0)+IFERROR((K43*L43*M43),0))/1000000)*35.32 -> 0.964236 | P43: =F43+J43+N43 -> 9640 | Q43: =F43+J43+N43 -> 9640 | R43: =MAX(Q43,O43) -> 9640 | S43: =MAX(R43,P43) -> 9640 | T43: =MAX(S43,Q43) -> 9640 | U43: =T43-Q43 -> 0 | V43: =U43/T43 -> 0 | W43: =R43/O43 -> 9997.5525 | Y43: phy. not avilable
A44: CT-OSN-RT | B44: SB | C44: 100 | D44: 50 | E44: 5 | F44: 9000 | O44: =((IFERROR((C44*D44*E44),0)+IFERROR((G44*H44*I44),0)+IFERROR((K44*L44*M44),0))/1000000)*35.32 -> 0.883 | P44: =F44+J44+N44 -> 9000 | Q44: =F44+J44+N44 -> 9000 | R44: =MAX(Q44,O44) -> 9000 | S44: =MAX(R44,P44) -> 9000 | T44: =MAX(S44,Q44) -> 9000 | U44: =T44-Q44 -> 0 | V44: =U44/T44 -> 0 | W44: =R44/O44 -> 10192.525 | Y44: phy. not avilable
A45: CT-SH | B45: SB | C45: 85 | D45: 49 | E45: 7 | F45: 11890 | O45: =((IFERROR((C45*D45*E45),0)+IFERROR((G45*H45*I45),0)+IFERROR((K45*L45*M45),0))/1000000)*35.32 -> 1.0297546 | P45: =F45+J45+N45 -> 11890 | Q45: =F45+J45+N45 -> 11890 | R45: =MAX(Q45,O45) -> 11890 | S45: =MAX(R45,P45) -> 11890 | T45: =MAX(S45,Q45) -> 11890 | U45: =T45-Q45 -> 0 | V45: =U45/T45 -> 0 | W45: =R45/O45 -> 11546.44 | Y45: ok
A46: CT-SY | B46: SB | C46: 80 | D46: 66 | E46: 8 | F46: 11850 | O46: =((IFERROR((C46*D46*E46),0)+IFERROR((G46*H46*I46),0)+IFERROR((K46*L46*M46),0))/1000000)*35.32 -> 1.4919168 | P46: =F46+J46+N46 -> 11850 | Q46: =F46+J46+N46 -> 11850 | R46: =MAX(Q46,O46) -> 11850 | S46: =MAX(R46,P46) -> 11850 | T46: =MAX(S46,Q46) -> 11850 | U46: =T46-Q46 -> 0 | V46: =U46/T46 -> 0 | W46: =R46/O46 -> 7942.8022 | Y46: ok
A47: CT-TLY | B47: SB | C47: 95 | D47: 50 | E47: 7 | F47: 12850 | O47: =((IFERROR((C47*D47*E47),0)+IFERROR((G47*H47*I47),0)+IFERROR((K47*L47*M47),0))/1000000)*35.32 -> 1.17439 | P47: =F47+J47+N47 -> 12850 | Q47: =F47+J47+N47 -> 12850 | R47: =MAX(Q47,O47) -> 12850 | S47: =MAX(R47,P47) -> 12850 | T47: =MAX(S47,Q47) -> 12850 | U47: =T47-Q47 -> 0 | V47: =U47/T47 -> 0 | W47: =R47/O47 -> 10941.851 | Y47: phy. not avilable
A48: CT-TR-RT | B48: SB | C48: 102 | D48: 57 | E48: 6 | F48: 12000 | O48: =((IFERROR((C48*D48*E48),0)+IFERROR((G48*H48*I48),0)+IFERROR((K48*L48*M48),0))/1000000)*35.32 -> 1.2321029 | P48: =F48+J48+N48 -> 12000 | Q48: =F48+J48+N48 -> 12000 | R48: =MAX(Q48,O48) -> 12000 | S48: =MAX(R48,P48) -> 12000 | T48: =MAX(S48,Q48) -> 12000 | U48: =T48-Q48 -> 0 | V48: =U48/T48 -> 0 | W48: =R48/O48 -> 9739.4464 | Y48: phy. not avilable
A49: CT-TR-RTS | B49: SB | C49: 110 | D49: 50 | E49: 5 | F49: 12750 | O49: =((IFERROR((C49*D49*E49),0)+IFERROR((G49*H49*I49),0)+IFERROR((K49*L49*M49),0))/1000000)*35.32 -> 0.9713 | P49: =F49+J49+N49 -> 12750 | Q49: =F49+J49+N49 -> 12750 | R49: =MAX(Q49,O49) -> 12750 | S49: =MAX(R49,P49) -> 12750 | T49: =MAX(S49,Q49) -> 12750 | U49: =T49-Q49 -> 0 | V49: =U49/T49 -> 0 | W49: =R49/O49 -> 13126.737 | Y49: phy. not avilable
A50: CT-TYU | B50: SB | C50: 87 | D50: 45 | E50: 8 | F50: 9500 | O50: =((IFERROR((C50*D50*E50),0)+IFERROR((G50*H50*I50),0)+IFERROR((K50*L50*M50),0))/1000000)*35.32 -> 1.1062224 | P50: =F50+J50+N50 -> 9500 | Q50: =F50+J50+N50 -> 9500 | R50: =MAX(Q50,O50) -> 9500 | S50: =MAX(R50,P50) -> 9500 | T50: =MAX(S50,Q50) -> 9500 | U50: =T50-Q50 -> 0 | V50: =U50/T50 -> 0 | W50: =R50/O50 -> 8587.7849 | Y50: phy. not avilable
A51: CT-VC | B51: SB | C51: 88 | D51: 45 | E51: 9 | F51: 15400 | O51: =((IFERROR((C51*D51*E51),0)+IFERROR((G51*H51*I51),0)+IFERROR((K51*L51*M51),0))/1000000)*35.32 -> 1.2588048 | P51: =F51+J51+N51 -> 15400 | Q51: =F51+J51+N51 -> 15400 | R51: =MAX(Q51,O51) -> 15400 | S51: =MAX(R51,P51) -> 15400 | T51: =MAX(S51,Q51) -> 15400 | U51: =T51-Q51 -> 0 | V51: =U51/T51 -> 0 | W51: =R51/O51 -> 12233.827 | Y51: ok
A52: DC-CLV | B52: SB | C52: 85 | D52: 49 | E52: 7 | F52: 35690 | O52: =((IFERROR((C52*D52*E52),0)+IFERROR((G52*H52*I52),0)+IFERROR((K52*L52*M52),0))/1000000)*35.32 -> 1.0297546 | P52: =F52+J52+N52 -> 35690 | Q52: =F52+J52+N52 -> 35690 | R52: =MAX(Q52,O52) -> 35690 | S52: =MAX(R52,P52) -> 35690 | T52: =MAX(S52,Q52) -> 35690 | U52: =T52-Q52 -> 0 | V52: =U52/T52 -> 0 | W52: =R52/O52 -> 34658.743 | Y52: ok
A53: DC-MYN-LA | B53: MB | C53: 127 | D53: 45 | E53: 13 | F53: 43220 | G53: 79 | H53: 45 | I53: 15 | J53: 24545 | O53: =((IFERROR((C53*D53*E53),0)+IFERROR((G53*H53*I53),0)+IFERROR((K53*L53*M53),0))/1000000)*35.32 -> 4.5075384 | P53: =F53+J53+N53 -> 67765 | Q53: =F53+J53+N53 -> 67765 | R53: =MAX(Q53,O53) -> 67765 | S53: =MAX(R53,P53) -> 67765 | T53: =MAX(S53,Q53) -> 67765 | U53: =T53-Q53 -> 0 | V53: =U53/T53 -> 0 | W53: =R53/O53 -> 15033.704 | Y53: ok
A54: DC-MYN-ST | B54: SB | C54: 85 | D54: 50 | E54: 18 | F54: 40840 | O54: =((IFERROR((C54*D54*E54),0)+IFERROR((G54*H54*I54),0)+IFERROR((K54*L54*M54),0))/1000000)*35.32 -> 2.70198 | P54: =F54+J54+N54 -> 40840 | Q54: =F54+J54+N54 -> 40840 | R54: =MAX(Q54,O54) -> 40840 | S54: =MAX(R54,P54) -> 40840 | T54: =MAX(S54,Q54) -> 40840 | U54: =T54-Q54 -> 0 | V54: =U54/T54 -> 0 | W54: =R54/O54 -> 15114.842 | Y54: ok
A55: DT-GRA | B55: SB | C55: 67 | D55: 40 | E55: 4 | F55: 5350 | O55: =((IFERROR((C55*D55*E55),0)+IFERROR((G55*H55*I55),0)+IFERROR((K55*L55*M55),0))/1000000)*35.32 -> 0.3786304 | P55: =F55+J55+N55 -> 5350 | Q55: =F55+J55+N55 -> 5350 | R55: =MAX(Q55,O55) -> 5350 | S55: =MAX(R55,P55) -> 5350 | T55: =MAX(S55,Q55) -> 5350 | U55: =T55-Q55 -> 0 | V55: =U55/T55 -> 0 | W55: =R55/O55 -> 14129.874 | Y55: phy. not avilable
A56: DT-HE-3 | B56: SB | C56: 85 | D56: 85 | E56: 5 | F56: 9920 | O56: =((IFERROR((C56*D56*E56),0)+IFERROR((G56*H56*I56),0)+IFERROR((K56*L56*M56),0))/1000000)*35.32 -> 1.275935 | P56: =F56+J56+N56 -> 9920 | Q56: =F56+J56+N56 -> 9920 | R56: =MAX(Q56,O56) -> 9920 | S56: =MAX(R56,P56) -> 9920 | T56: =MAX(S56,Q56) -> 9920 | U56: =T56-Q56 -> 0 | V56: =U56/T56 -> 0 | W56: =R56/O56 -> 7774.6907 | Y56: phy. not avilable
A57: DT-HE-4 | B57: SB | C57: 158 | D57: 80 | E57: 4 | F57: 15110 | O57: =((IFERROR((C57*D57*E57),0)+IFERROR((G57*H57*I57),0)+IFERROR((K57*L57*M57),0))/1000000)*35.32 -> 1.7857792 | P57: =F57+J57+N57 -> 15110 | Q57: =F57+J57+N57 -> 15110 | R57: =MAX(Q57,O57) -> 15110 | S57: =MAX(R57,P57) -> 15110 | T57: =MAX(S57,Q57) -> 15110 | U57: =T57-Q57 -> 0 | V57: =U57/T57 -> 0 | W57: =R57/O57 -> 8461.2924 | Y57: ok
A58: DT-MR | B58: SB | C58: 116 | D58: 40 | E58: 6 | F58: 6000 | O58: =((IFERROR((C58*D58*E58),0)+IFERROR((G58*H58*I58),0)+IFERROR((K58*L58*M58),0))/1000000)*35.32 -> 0.9833088 | P58: =F58+J58+N58 -> 6000 | Q58: =F58+J58+N58 -> 6000 | R58: =MAX(Q58,O58) -> 6000 | S58: =MAX(R58,P58) -> 6000 | T58: =MAX(S58,Q58) -> 6000 | U58: =T58-Q58 -> 0 | V58: =U58/T58 -> 0 | W58: =R58/O58 -> 6101.8472 | Y58: ok
A59: FT-EDR | B59: SB | C59: 68 | D59: 46 | E59: 5 | F59: 8810 | O59: =((IFERROR((C59*D59*E59),0)+IFERROR((G59*H59*I59),0)+IFERROR((K59*L59*M59),0))/1000000)*35.32 -> 0.5524048 | P59: =F59+J59+N59 -> 8810 | Q59: =F59+J59+N59 -> 8810 | R59: =MAX(Q59,O59) -> 8810 | S59: =MAX(R59,P59) -> 8810 | T59: =MAX(S59,Q59) -> 8810 | U59: =T59-Q59 -> 0 | V59: =U59/T59 -> 0 | W59: =R59/O59 -> 15948.449 | Y59: ok
A60: GH-CE | B60: SB | C60: 83 | D60: 35 | E60: 7 | F60: 3700 | O60: =((IFERROR((C60*D60*E60),0)+IFERROR((G60*H60*I60),0)+IFERROR((K60*L60*M60),0))/1000000)*35.32 -> 0.7182322 | P60: =F60+J60+N60 -> 3700 | Q60: =F60+J60+N60 -> 3700 | R60: =MAX(Q60,O60) -> 3700 | S60: =MAX(R60,P60) -> 3700 | T60: =MAX(S60,Q60) -> 3700 | U60: =T60-Q60 -> 0 | V60: =U60/T60 -> 0 | W60: =R60/O60 -> 5151.5373 | Y60: ok
A61: GH-IS | B61: SB | C61: 31 | D61: 27 | E61: 6 | F61: 1250 | O61: =((IFERROR((C61*D61*E61),0)+IFERROR((G61*H61*I61),0)+IFERROR((K61*L61*M61),0))/1000000)*35.32 -> 0.17737704 | P61: =F61+J61+N61 -> 1250 | Q61: =F61+J61+N61 -> 1250 | R61: =MAX(Q61,O61) -> 1250 | S61: =MAX(R61,P61) -> 1250 | T61: =MAX(S61,Q61) -> 1250 | U61: =T61-Q61 -> 0 | V61: =U61/T61 -> 0 | W61: =R61/O61 -> 7047.1353 | Y61: ok
A62: KH-EDL | B62: SB | C62: 24 | D62: 11 | E62: 5 | F62: 300 | O62: =((IFERROR((C62*D62*E62),0)+IFERROR((G62*H62*I62),0)+IFERROR((K62*L62*M62),0))/1000000)*35.32 -> 0.0466224 | P62: =F62+J62+N62 -> 300 | Q62: =F62+J62+N62 -> 300 | R62: =MAX(Q62,O62) -> 300 | S62: =MAX(R62,P62) -> 300 | T62: =MAX(S62,Q62) -> 300 | U62: =T62-Q62 -> 0 | V62: =U62/T62 -> 0 | W62: =R62/O62 -> 6434.6752 | Y62: phy. not avilable
A63: KH-LKN-6 | B63: SB | C63: 26 | D63: 25 | E63: 5 | F63: 800 | O63: =((IFERROR((C63*D63*E63),0)+IFERROR((G63*H63*I63),0)+IFERROR((K63*L63*M63),0))/1000000)*35.32 -> 0.11479 | P63: =F63+J63+N63 -> 800 | Q63: =F63+J63+N63 -> 800 | R63: =MAX(Q63,O63) -> 800 | S63: =MAX(R63,P63) -> 800 | T63: =MAX(S63,Q63) -> 800 | U63: =T63-Q63 -> 0 | V63: =U63/T63 -> 0 | W63: =R63/O63 -> 6969.2482 | Y63: phy. not avilable
A64: KH-RMT | B64: SB | C64: 22 | D64: 22 | E64: 4 | F64: 400 | O64: =((IFERROR((C64*D64*E64),0)+IFERROR((G64*H64*I64),0)+IFERROR((K64*L64*M64),0))/1000000)*35.32 -> 0.06837952 | P64: =F64+J64+N64 -> 400 | Q64: =F64+J64+N64 -> 400 | R64: =MAX(Q64,O64) -> 400 | S64: =MAX(R64,P64) -> 400 | T64: =MAX(S64,Q64) -> 400 | U64: =T64-Q64 -> 0 | V64: =U64/T64 -> 0 | W64: =R64/O64 -> 5849.7047 | Y64: phy. not avilable
A65: KH-RZ | B65: SB | C65: 35 | D65: 32 | E65: 6 | F65: 900 | O65: =((IFERROR((C65*D65*E65),0)+IFERROR((G65*H65*I65),0)+IFERROR((K65*L65*M65),0))/1000000)*35.32 -> 0.2373504 | P65: =F65+J65+N65 -> 900 | Q65: =F65+J65+N65 -> 900 | R65: =MAX(Q65,O65) -> 900 | S65: =MAX(R65,P65) -> 900 | T65: =MAX(S65,Q65) -> 900 | U65: =T65-Q65 -> 0 | V65: =U65/T65 -> 0 | W65: =R65/O65 -> 3791.8622 | Y65: ok
... A82: RH-RL | B82: SB | C82: 20 | D82: 17 | E82: 12 | F82: 710 | O82: =((IFERROR((C82*D82*E82),0)+IFERROR((G82*H82*I82),0)+IFERROR((K82*L82*M82),0))/1000000)*35.32 -> 0.1441056 | P82: =F82+J82+N82 -> 710 | Q82: =F82+J82+N82 -> 710 | R82: =MAX(Q82,O82) -> 710 | S82: =MAX(R82,P82) -> 710 | T82: =MAX(S82,Q82) -> 710 | U82: =T82-Q82 -> 0 | V82: =U82/T82 -> 0 | W82: =R82/O82 -> 4926.9425 | Y82: ok
A83: RH-SU-2-2 | O83: =((IFERROR((C83*D83*E83),0)+IFERROR((G83*H83*I83),0)+IFERROR((K83*L83*M83),0))/1000000)*35.32 -> 0 | P83: =F83+J83+N83 -> 0 | Q83: =F83+J83+N83 -> 0 | R83: =MAX(Q83,O83) -> 0 | S83: =MAX(R83,P83) -> 0 | T83: =MAX(S83,Q83) -> 0 | U83: =T83-Q83 -> 0 | V83: =U83/T83 -> #DIV/0! | W83: =R83/O83 -> #DIV/0! | Y83: phy. not avilable
A84: RH-SU-4 | B84: SB | C84: 37 | D84: 13 | E84: 7 | F84: 1000 | O84: =((IFERROR((C84*D84*E84),0)+IFERROR((G84*H84*I84),0)+IFERROR((K84*L84*M84),0))/1000000)*35.32 -> 0.11892244 | P84: =F84+J84+N84 -> 1000 | Q84: =F84+J84+N84 -> 1000 | R84: =MAX(Q84,O84) -> 1000 | S84: =MAX(R84,P84) -> 1000 | T84: =MAX(S84,Q84) -> 1000 | U84: =T84-Q84 -> 0 | V84: =U84/T84 -> 0 | W84: =R84/O84 -> 8408.8419 | Y84: phy. not avilable
A85: RT-ALY | B85: SB | C85: 130 | D85: 54 | E85: 9 | F85: 24450 | O85: =((IFERROR((C85*D85*E85),0)+IFERROR((G85*H85*I85),0)+IFERROR((K85*L85*M85),0))/1000000)*35.32 -> 2.2315176 | P85: =F85+J85+N85 -> 24450 | Q85: =F85+J85+N85 -> 24450 | R85: =MAX(Q85,O85) -> 24450 | S85: =MAX(R85,P85) -> 24450 | T85: =MAX(S85,Q85) -> 24450 | U85: =T85-Q85 -> 0 | V85: =U85/T85 -> 0 | W85: =R85/O85 -> 10956.669 | Y85: ok
A86: RT-AT | B86: SB | C86: 130 | D86: 42 | E86: 5 | F86: 17400 | O86: =((IFERROR((C86*D86*E86),0)+IFERROR((G86*H86*I86),0)+IFERROR((K86*L86*M86),0))/1000000)*35.32 -> 0.964236 | P86: =F86+J86+N86 -> 17400 | Q86: =F86+J86+N86 -> 17400 | R86: =MAX(Q86,O86) -> 17400 | S86: =MAX(R86,P86) -> 17400 | T86: =MAX(S86,Q86) -> 17400 | U86: =T86-Q86 -> 0 | V86: =U86/T86 -> 0 | W86: =R86/O86 -> 18045.375 | Y86: ok
A87: RT-DR | B87: SB | C87: 137 | D87: 70 | E87: 9 | F87: 39450 | O87: =((IFERROR((C87*D87*E87),0)+IFERROR((G87*H87*I87),0)+IFERROR((K87*L87*M87),0))/1000000)*35.32 -> 3.0484692 | P87: =F87+J87+N87 -> 39450 | Q87: =F87+J87+N87 -> 39450 | R87: =MAX(Q87,O87) -> 39450 | S87: =MAX(R87,P87) -> 39450 | T87: =MAX(S87,Q87) -> 39450 | U87: =T87-Q87 -> 0 | V87: =U87/T87 -> 0 | W87: =R87/O87 -> 12940.921 | Y87: ok
A88: RT-FR | B88: SB | C88: 162 | D88: 73 | E88: 8 | F88: 24450 | O88: =((IFERROR((C88*D88*E88),0)+IFERROR((G88*H88*I88),0)+IFERROR((K88*L88*M88),0))/1000000)*35.32 -> 3.3415546 | P88: =F88+J88+N88 -> 24450 | Q88: =F88+J88+N88 -> 24450 | R88: =MAX(Q88,O88) -> 24450 | S88: =MAX(R88,P88) -> 24450 | T88: =MAX(S88,Q88) -> 24450 | U88: =T88-Q88 -> 0 | V88: =U88/T88 -> 0 | W88: =R88/O88 -> 7316.9537 | Y88: ok
A89: RT-RI | B89: SB | C89: 103 | D89: 57 | E89: 7 | F89: 10800 | O89: =((IFERROR((C89*D89*E89),0)+IFERROR((G89*H89*I89),0)+IFERROR((K89*L89*M89),0))/1000000)*35.32 -> 1.451546 | P89: =F89+J89+N89 -> 10800 | Q89: =F89+J89+N89 -> 10800 | R89: =MAX(Q89,O89) -> 10800 | S89: =MAX(R89,P89) -> 10800 | T89: =MAX(S89,Q89) -> 10800 | U89: =T89-Q89 -> 0 | V89: =U89/T89 -> 0 | W89: =R89/O89 -> 7440.3427 | Y89: ok
A90: RT-RI-M | B90: SB | C90: 78 | D90: 62 | E90: 7 | F90: 7690 | O90: =((IFERROR((C90*D90*E90),0)+IFERROR((G90*H90*I90),0)+IFERROR((K90*L90*M90),0))/1000000)*35.32 -> 1.1956526 | P90: =F90+J90+N90 -> 7690 | Q90: =F90+J90+N90 -> 7690 | R90: =MAX(Q90,O90) -> 7690 | S90: =MAX(R90,P90) -> 7690 | T90: =MAX(S90,Q90) -> 7690 | U90: =T90-Q90 -> 0 | V90: =U90/T90 -> 0 | W90: =R90/O90 -> 6431.6339 | Y90: ok
A91: RT-T | B91: SB | C91: 51 | D91: 17 | E91: 4 | F91: 1100 | O91: =((IFERROR((C91*D91*E91),0)+IFERROR((G91*H91*I91),0)+IFERROR((K91*L91*M91),0))/1000000)*35.32 -> 0.12248976 | P91: =F91+J91+N91 -> 1100 | Q91: =F91+J91+N91 -> 1100 | R91: =MAX(Q91,O91) -> 1100 | S91: =MAX(R91,P91) -> 1100 | T91: =MAX(S91,Q91) -> 1100 | U91: =T91-Q91 -> 0 | V91: =U91/T91 -> 0 | W91: =R91/O91 -> 8980.3425 | Y91: ok
A92: S-AB | B92: SB | C92: 94 | D92: 36 | E92: 6 | F92: 5890 | O92: =((IFERROR((C92*D92*E92),0)+IFERROR((G92*H92*I92),0)+IFERROR((K92*L92*M92),0))/1000000)*35.32 -> 0.71713728 | P92: =F92+J92+N92 -> 5890 | Q92: =F92+J92+N92 -> 5890 | R92: =MAX(Q92,O92) -> 5890 | S92: =MAX(R92,P92) -> 5890 | T92: =MAX(S92,Q92) -> 5890 | U92: =T92-Q92 -> 0 | V92: =U92/T92 -> 0 | W92: =R92/O92 -> 8213.2113 | Y92: ok
A93: S-AE | B93: SB | C93: 144 | D93: 41 | E93: 5 | F93: 13620 | O93: =((IFERROR((C93*D93*E93),0)+IFERROR((G93*H93*I93),0)+IFERROR((K93*L93*M93),0))/1000000)*35.32 -> 1.0426464 | P93: =F93+J93+N93 -> 13620 | Q93: =F93+J93+N93 -> 13620 | R93: =MAX(Q93,O93) -> 13620 | S93: =MAX(R93,P93) -> 13620 | T93: =MAX(S93,Q93) -> 13620 | U93: =T93-Q93 -> 0 | V93: =U93/T93 -> 0 | W93: =R93/O93 -> 13062.914 | Y93: ok
A94: S-AI | B94: SB | C94: 134 | D94: 20 | E94: 5 | F94: 3890 | O94: =((IFERROR((C94*D94*E94),0)+IFERROR((G94*H94*I94),0)+IFERROR((K94*L94*M94),0))/1000000)*35.32 -> 0.473288 | P94: =F94+J94+N94 -> 3890 | Q94: =F94+J94+N94 -> 3890 | R94: =MAX(Q94,O94) -> 3890 | S94: =MAX(R94,P94) -> 3890 | T94: =MAX(S94,Q94) -> 3890 | U94: =T94-Q94 -> 0 | V94: =U94/T94 -> 0 | W94: =R94/O94 -> 8219.097 | Y94: ok
A95: S-AO | B95: SB | C95: 95 | D95: 27 | E95: 6 | F95: 5850 | O95: =((IFERROR((C95*D95*E95),0)+IFERROR((G95*H95*I95),0)+IFERROR((K95*L95*M95),0))/1000000)*35.32 -> 0.5435748 | P95: =F95+J95+N95 -> 5850 | Q95: =F95+J95+N95 -> 5850 | R95: =MAX(Q95,O95) -> 5850 | S95: =MAX(R95,P95) -> 5850 | T95: =MAX(S95,Q95) -> 5850 | U95: =T95-Q95 -> 0 | V95: =U95/T95 -> 0 | W95: =R95/O95 -> 10762.088 | Y95: ok
... A120: S-BR-F6 | B120: SB | C120: 119 | D120: 30 | E120: 6 | F120: 6500 | O120: =((IFERROR((C120*D120*E120),0)+IFERROR((G120*H120*I120),0)+IFERROR((K120*L120*M120),0))/1000000)*35.32 -> 0.7565544 | P120: =F120+J120+N120 -> 6500 | Q120: =F120+J120+N120 -> 6500 | R120: =MAX(Q120,O120) -> 6500 | S120: =MAX(R120,P120) -> 6500 | T120: =MAX(S120,Q120) -> 6500 | U120: =T120-Q120 -> 0 | V120: =U120/T120 -> 0 | W120: =R120/O120 -> 8591.5831 | Y120: ok
A121: SB-SML | O121: =((IFERROR((C121*D121*E121),0)+IFERROR((G121*H121*I121),0)+IFERROR((K121*L121*M121),0))/1000000)*35.32 -> 0 | P121: =F121+J121+N121 -> 0 | Q121: =F121+J121+N121 -> 0 | R121: =MAX(Q121,O121) -> 0 | S121: =MAX(R121,P121) -> 0 | T121: =MAX(S121,Q121) -> 0 | U121: =T121-Q121 -> 0 | V121: =U121/T121 -> #DIV/0! | W121: =R121/O121 -> #DIV/0! | Y121: phy. not avilable
A122: SB-SN-D | B122: SB | C122: 181 | D122: 32 | E122: 9 | F122: 31750 | O122: =((IFERROR((C122*D122*E122),0)+IFERROR((G122*H122*I122),0)+IFERROR((K122*L122*M122),0))/1000000)*35.32 -> 1.841161 | P122: =F122+J122+N122 -> 31750 | Q122: =F122+J122+N122 -> 31750 | R122: =MAX(Q122,O122) -> 31750 | S122: =MAX(R122,P122) -> 31750 | T122: =MAX(S122,Q122) -> 31750 | U122: =T122-Q122 -> 0 | V122: =U122/T122 -> 0 | W122: =R122/O122 -> 17244.554 | Y122: ok
A123: SB-SN-N | B123: SB | C123: 165 | D123: 34 | E123: 9 | F123: 21800 | O123: =((IFERROR((C123*D123*E123),0)+IFERROR((G123*H123*I123),0)+IFERROR((K123*L123*M123),0))/1000000)*35.32 -> 1.7833068 | P123: =F123+J123+N123 -> 21800 | Q123: =F123+J123+N123 -> 21800 | R123: =MAX(Q123,O123) -> 21800 | S123: =MAX(R123,P123) -> 21800 | T123: =MAX(S123,Q123) -> 21800 | U123: =T123-Q123 -> 0 | V123: =U123/T123 -> 0 | W123: =R123/O123 -> 12224.481 | Y123: ok
A124: SB-WA | B124: SB | C124: 144 | D124: 31 | E124: 5 | F124: 7600 | O124: =((IFERROR((C124*D124*E124),0)+IFERROR((G124*H124*I124),0)+IFERROR((K124*L124*M124),0))/1000000)*35.32 -> 0.7883424 | P124: =F124+J124+N124 -> 7600 | Q124: =F124+J124+N124 -> 7600 | R124: =MAX(Q124,O124) -> 7600 | S124: =MAX(R124,P124) -> 7600 | T124: =MAX(S124,Q124) -> 7600 | U124: =T124-Q124 -> 0 | V124: =U124/T124 -> 0 | W124: =R124/O124 -> 9640.4811 | Y124: ok
A125: SB-WA-WM | B125: SB | C125: 144 | D125: 21 | E125: 7 | F125: 7510 | O125: =((IFERROR((C125*D125*E125),0)+IFERROR((G125*H125*I125),0)+IFERROR((K125*L125*M125),0))/1000000)*35.32 -> 0.74765376 | P125: =F125+J125+N125 -> 7510 | Q125: =F125+J125+N125 -> 7510 | R125: =MAX(Q125,O125) -> 7510 | S125: =MAX(R125,P125) -> 7510 | T125: =MAX(S125,Q125) -> 7510 | U125: =T125-Q125 -> 0 | V125: =U125/T125 -> 0 | W125: =R125/O125 -> 10044.757 | Y125: ok
A126: SB-WLB | B126: SB | C126: 158 | D126: 31 | E126: 9 | F126: 18485 | O126: =((IFERROR((C126*D126*E126),0)+IFERROR((G126*H126*I126),0)+IFERROR((K126*L126*M126),0))/1000000)*35.32 -> 1.5569762 | P126: =F126+J126+N126 -> 18485 | Q126: =F126+J126+N126 -> 18485 | R126: =MAX(Q126,O126) -> 18485 | S126: =MAX(R126,P126) -> 18485 | T126: =MAX(S126,Q126) -> 18485 | U126: =T126-Q126 -> 0 | V126: =U126/T126 -> 0 | W126: =R126/O126 -> 11872.371 | Y126: ok
A127: S-CC | B127: SB | C127: 187 | D127: 43 | E127: 5 | F127: 13800 | O127: =((IFERROR((C127*D127*E127),0)+IFERROR((G127*H127*I127),0)+IFERROR((K127*L127*M127),0))/1000000)*35.32 -> 1.4200406 | P127: =F127+J127+N127 -> 13800 | Q127: =F127+J127+N127 -> 13800 | R127: =MAX(Q127,O127) -> 13800 | S127: =MAX(R127,P127) -> 13800 | T127: =MAX(S127,Q127) -> 13800 | U127: =T127-Q127 -> 0 | V127: =U127/T127 -> 0 | W127: =R127/O127 -> 9718.032 | Y127: phy. not avilable
A128: S-CK-2 | O128: =((IFERROR((C128*D128*E128),0)+IFERROR((G128*H128*I128),0)+IFERROR((K128*L128*M128),0))/1000000)*35.32 -> 0 | P128: =F128+J128+N128 -> 0 | Q128: =F128+J128+N128 -> 0 | R128: =MAX(Q128,O128) -> 0 | S128: =MAX(R128,P128) -> 0 | T128: =MAX(S128,Q128) -> 0 | U128: =T128-Q128 -> 0 | V128: =U128/T128 -> #DIV/0! | W128: =R128/O128 -> #DIV/0! | Y128: phy. not avilable
A129: S-CRF | B129: SB | C129: 97 | D129: 20 | E129: 10 | F129: 8895 | O129: =((IFERROR((C129*D129*E129),0)+IFERROR((G129*H129*I129),0)+IFERROR((K129*L129*M129),0))/1000000)*35.32 -> 0.685208 | P129: =F129+J129+N129 -> 8895 | Q129: =F129+J129+N129 -> 8895 | R129: =MAX(Q129,O129) -> 8895 | S129: =MAX(R129,P129) -> 8895 | T129: =MAX(S129,Q129) -> 8895 | U129: =T129-Q129 -> 0 | V129: =U129/T129 -> 0 | W129: =R129/O129 -> 12981.46 | Y129: ok
A130: S-ERA | B130: SB | C130: 69 | D130: 35 | E130: 8 | F130: 9890 | O130: =((IFERROR((C130*D130*E130),0)+IFERROR((G130*H130*I130),0)+IFERROR((K130*L130*M130),0))/1000000)*35.32 -> 0.6823824 | P130: =F130+J130+N130 -> 9890 | Q130: =F130+J130+N130 -> 9890 | R130: =MAX(Q130,O130) -> 9890 | S130: =MAX(R130,P130) -> 9890 | T130: =MAX(S130,Q130) -> 9890 | U130: =T130-Q130 -> 0 | V130: =U130/T130 -> 0 | W130: =R130/O130 -> 14493.34 | Y130: ok
A131: S-ETN | B131: SB | C131: 87 | D131: 19 | E131: 8 | F131: 4360 | O131: =((IFERROR((C131*D131*E131),0)+IFERROR((G131*H131*I131),0)+IFERROR((K131*L131*M131),0))/1000000)*35.32 -> 0.46707168 | P131: =F131+J131+N131 -> 4360 | Q131: =F131+J131+N131 -> 4360 | R131: =MAX(Q131,O131) -> 4360 | S131: =MAX(R131,P131) -> 4360 | T131: =MAX(S131,Q131) -> 4360 | U131: =T131-Q131 -> 0 | V131: =U131/T131 -> 0 | W131: =R131/O131 -> 9334.7556 | Y131: ok
A132: S-FE-W2 | B132: SB | C132: 19.5 | D132: 19 | E132: 7 | F132: 900 | O132: =((IFERROR((C132*D132*E132),0)+IFERROR((G132*H132*I132),0)+IFERROR((K132*L132*M132),0))/1000000)*35.32 -> 0.09160242 | P132: =F132+J132+N132 -> 900 | Q132: =F132+J132+N132 -> 900 | R132: =MAX(Q132,O132) -> 900 | S132: =MAX(R132,P132) -> 900 | T132: =MAX(S132,Q132) -> 900 | U132: =T132-Q132 -> 0 | V132: =U132/T132 -> 0 | W132: =R132/O132 -> 9825.0679 | Y132: phy. not avilable
A133: S-GRB | B133: SB | C133: 69 | D133: 19 | E133: 9 | F133: 3890 | O133: =((IFERROR((C133*D133*E133),0)+IFERROR((G133*H133*I133),0)+IFERROR((K133*L133*M133),0))/1000000)*35.32 -> 0.41674068 | P133: =F133+J133+N133 -> 3890 | Q133: =F133+J133+N133 -> 3890 | R133: =MAX(Q133,O133) -> 3890 | S133: =MAX(R133,P133) -> 3890 | T133: =MAX(S133,Q133) -> 3890 | U133: =T133-Q133 -> 0 | V133: =U133/T133 -> 0 | W133: =R133/O133 -> 9334.3419 | Y133: phy. not avilable
A134: SH-CHR | B134: SB | F134: 1260 | O134: =((IFERROR((C134*D134*E134),0)+IFERROR((G134*H134*I134),0)+IFERROR((K134*L134*M134),0))/1000000)*35.32 -> 0 | P134: =F134+J134+N134 -> 1260 | Q134: =F134+J134+N134 -> 1260 | R134: =MAX(Q134,O134) -> 1260 | S134: =MAX(R134,P134) -> 1260 | T134: =MAX(S134,Q134) -> 1260 | U134: =T134-Q134 -> 0 | V134: =U134/T134 -> 0 | W134: =R134/O134 -> #DIV/0! | Y134: phy. not avilable
A135: S-JVS | B135: SB | C135: 82 | D135: 20 | E135: 9 | F135: 6800 | O135: =((IFERROR((C135*D135*E135),0)+IFERROR((G135*H135*I135),0)+IFERROR((K135*L135*M135),0))/1000000)*35.32 -> 0.5213232 | P135: =F135+J135+N135 -> 6800 | Q135: =F135+J135+N135 -> 6800 | R135: =MAX(Q135,O135) -> 6800 | S135: =MAX(R135,P135) -> 6800 | T135: =MAX(S135,Q135) -> 6800 | U135: =T135-Q135 -> 0 | V135: =U135/T135 -> 0 | W135: =R135/O135 -> 13043.732 | Y135: ok
A136: S-LC | B136: SB | C136: 61 | D136: 17 | E136: 6 | F136: 1890 | O136: =((IFERROR((C136*D136*E136),0)+IFERROR((G136*H136*I136),0)+IFERROR((K136*L136*M136),0))/1000000)*35.32 -> 0.21976104 | P136: =F136+J136+N136 -> 1890 | Q136: =F136+J136+N136 -> 1890 | R136: =MAX(Q136,O136) -> 1890 | S136: =MAX(R136,P136) -> 1890 | T136: =MAX(S136,Q136) -> 1890 | U136: =T136-Q136 -> 0 | V136: =U136/T136 -> 0 | W136: =R136/O136 -> 8600.2505 | Y136: phy. not avilable
A137: S-LO | B137: SB | C137: 113 | D137: 18 | E137: 4 | F137: 2890 | O137: =((IFERROR((C137*D137*E137),0)+IFERROR((G137*H137*I137),0)+IFERROR((K137*L137*M137),0))/1000000)*35.32 -> 0.28736352 | P137: =F137+J137+N137 -> 2890 | Q137: =F137+J137+N137 -> 2890 | R137: =MAX(Q137,O137) -> 2890 | S137: =MAX(R137,P137) -> 2890 | T137: =MAX(S137,Q137) -> 2890 | U137: =T137-Q137 -> 0 | V137: =U137/T137 -> 0 | W137: =R137/O137 -> 10056.948 | Y137: ok
A138: SL-VE-18 | O138: =((IFERROR((C138*D138*E138),0)+IFERROR((G138*H138*I138),0)+IFERROR((K138*L138*M138),0))/1000000)*35.32 -> 0 | P138: =F138+J138+N138 -> 0 | Q138: =F138+J138+N138 -> 0 | R138: =MAX(Q138,O138) -> 0 | S138: =MAX(R138,P138) -> 0 | T138: =MAX(S138,Q138) -> 0 | U138: =T138-Q138 -> 0 | V138: =U138/T138 -> #DIV/0! | W138: =R138/O138 -> #DIV/0! | Y138: phy. not avilable
A139: SL-VE-P | B139: SB | C139: 50 | D139: 29 | E139: 8 | F139: 1890 | O139: =((IFERROR((C139*D139*E139),0)+IFERROR((G139*H139*I139),0)+IFERROR((K139*L139*M139),0))/1000000)*35.32 -> 0.409712 | P139: =F139+J139+N139 -> 1890 | Q139: =F139+J139+N139 -> 1890 | R139: =MAX(Q139,O139) -> 1890 | S139: =MAX(R139,P139) -> 1890 | T139: =MAX(S139,Q139) -> 1890 | U139: =T139-Q139 -> 0 | V139: =U139/T139 -> 0 | W139: =R139/O139 -> 4612.9964 | Y139: phy. not avilable
A140: S-MO-3 | B140: SB | C140: 27.5 | D140: 27.5 | E140: 17.5 | F140: 2890 | O140: =((IFERROR((C140*D140*E140),0)+IFERROR((G140*H140*I140),0)+IFERROR((K140*L140*M140),0))/1000000)*35.32 -> 0.46743812 | P140: =F140+J140+N140 -> 2890 | Q140: =F140+J140+N140 -> 2890 | R140: =MAX(Q140,O140) -> 2890 | S140: =MAX(R140,P140) -> 2890 | T140: =MAX(S140,Q140) -> 2890 | U140: =T140-Q140 -> 0 | V140: =U140/T140 -> 0 | W140: =R140/O140 -> 6182.6365 | Y140: phy. not avilable
...

Sheet Audit Dimensions
C1: Box 1 Dimension Details | G1: Box 2 Dimension Details | K1: Box 3 Dimension Details | O1: Vol.Wht | P1: Total Weight | R1: Chg.Wht | S1: Theoretical Weight
C2: Long | D2: Med | E2: Smal | F2: Sys.Wht | G2: Long | H2: Med | I2: Smal | J2: Sys.Wht | K2: Long | L2: Med | M2: Smal | N2: Actual.Wht | O2: 6 | P2: Actual.Wht | Q2: Wht (Kgs) | T2: Difference | U2: Diff % | V2: CBF | W2: KG/CBF | X2: Remark
A3: MTP SKU Code | B3: SB/MB | C3: Lcm | D3: Bcm | E3: Hcm | F3: PW(gm) | G3: Lcm | H3: Bcm | I3: Hcm | J3: PW(gm) | K3: Lcm | L3: Bcm | M3: Hcm | N3: PW(gm) | O3: Kgs | P3: Gms | Q3: Kgs
A4: B-MLT-KT | B4: MB | C4: 203 | D4: 39 | E4: 7 | F4: 26950 | G4: 194 | H4: 80 | I4: 5 | J4: 33000 | K4: 102 | L4: 93 | M4: 6 | N4: 38750 | O4: =V4*$O$2 -> 2270.3553 | P4: =F4+J4+N4 -> 98700 | Q4: =P4/1000 -> 98.7 | R4: =MAX(Q4,O4) -> 2270.3553 | S4: =VLOOKUP(A4,[1]Index!$E:$M,8,) -> 88614.98 | T4: =S4-P4 -> -10085.02 | U4: =T4/S4 -> -0.11380717 | V4: =(((N4*D4*E4)+(G4*H4*I4)+(K4*L4*M4))/1000000)*35.32 -> 378.39256 | W4: =Q4/V4 -> 0.26084023 | X4: phy. not avilable
A5: B-MLT-QT | B5: MB | C5: 205 | D5: 40 | E5: 7 | F5: 27250 | G5: 164 | H5: 63 | I5: 4 | J5: 23300 | K5: 102 | L5: 79 | M5: 6 | N5: 37750 | O5: =V5*$O$2 -> 31.168346 | P5: =F5+J5+N5 -> 88300 | Q5: =P5/1000 -> 88.3 | R5: =MAX(Q5,O5) -> 88.3 | S5: =VLOOKUP(A5,[1]Index!$E:$M,8,) -> 83135.099 | T5: =S5-P5 -> -5164.9015 | U5: =T5/S5 -> -0.062126605 | V5: =(((C5*D5*E5)+(G5*H5*I5)+(K5*L5*M5))/1000000)*35.32 -> 5.1947243 | W5: =Q5/V5 -> 16.998015 | X5: Ok
A6: B-POL-KN | B6: MB | O6: =V6*$O$2 -> 0 | P6: =F6+J6+N6 -> 0 | Q6: =P6/1000 -> 0 | R6: =MAX(Q6,O6) -> 0 | S6: =VLOOKUP(A6,[1]Index!$E:$M,8,) -> 70721.918 | T6: =S6-P6 -> 70721.918 | U6: =T6/S6 -> 1 | V6: =(((C6*D6*E6)+(G6*H6*I6)+(K6*L6*M6))/1000000)*35.32 -> 0 | W6: =Q6/V6 -> #DIV/0! | X6: phy. not avilable
A7: B-POL-KT | B7: MB | C7: 206 | D7: 40 | E7: 7 | F7: 36100 | G7: 149 | H7: 40 | I7: 6 | J7: 23600 | K7: 104 | L7: 79 | M7: 7 | N7: 37460 | O7: =V7*$O$2 -> 31.989748 | P7: =F7+J7+N7 -> 97160 | Q7: =P7/1000 -> 97.16 | R7: =MAX(Q7,O7) -> 97.16 | S7: =VLOOKUP(A7,[1]Index!$E:$M,8,) -> 94601.158 | T7: =S7-P7 -> -2558.842 | U7: =T7/S7 -> -0.027048739 | V7: =(((C7*D7*E7)+(G7*H7*I7)+(K7*L7*M7))/1000000)*35.32 -> 5.3316246 | W7: =Q7/V7 -> 18.223338 | X7: ok
A8: B-POL-QN | B8: MB | O8: =V8*$O$2 -> 0 | P8: =F8+J8+N8 -> 0 | Q8: =P8/1000 -> 0 | R8: =MAX(Q8,O8) -> 0 | S8: =VLOOKUP(A8,[1]Index!$E:$M,8,) -> 60043.684 | T8: =S8-P8 -> 60043.684 | U8: =T8/S8 -> 1 | V8: =(((C8*D8*E8)+(G8*H8*I8)+(K8*L8*M8))/1000000)*35.32 -> 0 | W8: =Q8/V8 -> #DIV/0! | X8: phy. not avilable
A9: B-POL-QT | B9: MB | C9: 208 | D9: 49 | E9: 7 | F9: 33800 | G9: 163 | H9: 40 | I9: 6 | J9: 20600 | K9: 101 | L9: 80 | M9: 6 | N9: 37000 | O9: =V9*$O$2 -> 33.683412 | P9: =F9+J9+N9 -> 91400 | Q9: =P9/1000 -> 91.4 | R9: =MAX(Q9,O9) -> 91.4 | S9: =VLOOKUP(A9,[1]Index!$E:$M,8,) -> 75619.774 | T9: =S9-P9 -> -15780.226 | U9: =T9/S9 -> -0.20867857 | V9: =(((C9*D9*E9)+(G9*H9*I9)+(K9*L9*M9))/1000000)*35.32 -> 5.6139021 | W9: =Q9/V9 -> 16.281011 | X9: ok
A10: B-POL-SN | B10: MB | C10: 206 | D10: 48 | E10: 6 | F10: 33550 | G10: 105 | H10: 97 | I10: 3 | J10: 14800 | O10: =V10*$O$2 -> 19.048005 | P10: =F10+J10+N10 -> 48350 | Q10: =P10/1000 -> 48.35 | R10: =MAX(Q10,O10) -> 48.35 | S10: =VLOOKUP(A10,[1]Index!$E:$M,8,) -> 40998.312 | T10: =S10-P10 -> -7351.6882 | U10: =T10/S10 -> -0.17931685 | V10: =(((C10*D10*E10)+(G10*H10*I10)+(K10*L10*M10))/1000000)*35.32 -> 3.1746676 | W10: =Q10/V10 -> 15.229941 | X10: ok.
A11: B-RVB-KN | B11: MB | C11: 207 | D11: 50 | E11: 8 | F11: 46400 | G11: 106 | H11: 98 | I11: 5 | J11: 29850 | O11: =V11*$O$2 -> 28.554101 | P11: =F11+J11+N11 -> 76250 | Q11: =P11/1000 -> 76.25 | R11: =MAX(Q11,O11) -> 76.25 | S11: =VLOOKUP(A11,[1]Index!$E:$M,8,) -> 56053.896 | T11: =S11-P11 -> -20196.104 | U11: =T11/S11 -> -0.36029795 | V11: =(((C11*D11*E11)+(G11*H11*I11)+(K11*L11*M11))/1000000)*35.32 -> 4.7590168 | W11: =Q11/V11 -> 16.022217 | X11: ok
A12: B-RVB-QN | B12: MB | C12: 207 | D12: 51 | E12: 8 | F12: 42600 | G12: 107 | H12: 80 | I12: 5 | J12: 54000 | O12: =V12*$O$2 -> 26.968092 | P12: =F12+J12+N12 -> 96600 | Q12: =P12/1000 -> 96.6 | R12: =MAX(Q12,O12) -> 96.6 | S12: =VLOOKUP(A12,[1]Index!$E:$M,8,) -> 61659.101 | T12: =S12-P12 -> -34940.899 | U12: =T12/S12 -> -0.56667869 | V12: =(((C12*D12*E12)+(G12*H12*I12)+(K12*L12*M12))/1000000)*35.32 -> 4.4946819 | W12: =Q12/V12 -> 21.492066 | X12: ok
A13: B-RVB-SN | B13: MB | C13: 120 | D13: 39 | E13: 8 | F13: 33000 | G13: 97 | H13: 56 | I13: 5 | J13: 14900 | O13: =V13*$O$2 -> 13.690032 | P13: =F13+J13+N13 -> 47900 | Q13: =P13/1000 -> 47.9 | R13: =MAX(Q13,O13) -> 47.9 | S13: =VLOOKUP(A13,[1]Index!$E:$M,8,) -> 41738.719 | T13: =S13-P13 -> -6161.2814 | U13: =T13/S13 -> -0.14761549 | V13: =(((C13*D13*E13)+(G13*H13*I13)+(K13*L13*M13))/1000000)*35.32 -> 2.281672 | W13: =Q13/V13 -> 20.993377 | X13: ok
A14: B-RVB-D36N | B14: SB | C14: 188 | D14: 44 | E14: 9 | F14: 37300 | O14: =V14*$O$2 -> 15.77702 | P14: =F14+J14+N14 -> 37300 | Q14: =P14/1000 -> 37.3 | R14: =MAX(Q14,O14) -> 37.3 | S14: =VLOOKUP(A14,[1]Index!$E:$M,8,) -> 34586.525 | T14: =S14-P14 -> -2713.4748 | U14: =T14/S14 -> -0.07845468 | V14: =(((C14*D14*E14)+(G14*H14*I14)+(K14*L14*M14))/1000000)*35.32 -> 2.6295034 | W14: =Q14/V14 -> 14.185188 | X14: ok
A15: BT-CO | B15: SB | C15: 74 | D15: 40 | E15: 6 | F15: 6600 | O15: =V15*$O$2 -> 3.7636992 | P15: =F15+J15+N15 -> 6600 | Q15: =P15/1000 -> 6.6 | R15: =MAX(Q15,O15) -> 6.6 | S15: =VLOOKUP(A15,[1]Index!$E:$M,8,) -> 6060.5378 | T15: =S15-P15 -> -539.46221 | U15: =T15/S15 -> -0.089012268 | V15: =(((C15*D15*E15)+(G15*H15*I15)+(K15*L15*M15))/1000000)*35.32 -> 0.6272832 | W15: =Q15/V15 -> 10.521563 | X15: ok
A16: BT-HE | B16: SB | C16: 42 | D16: 41 | E16: 6 | F16: 4780 | O16: =V16*$O$2 -> 2.1895574 | P16: =F16+J16+N16 -> 4780 | Q16: =P16/1000 -> 4.78 | R16: =MAX(Q16,O16) -> 4.78 | S16: =VLOOKUP(A16,[1]Index!$E:$M,8,) -> 4702.7014 | T16: =S16-P16 -> -77.298599 | U16: =T16/S16 -> -0.016437063 | V16: =(((C16*D16*E16)+(G16*H16*I16)+(K16*L16*M16))/1000000)*35.32 -> 0.36492624 | W16: =Q16/V16 -> 13.098537 | X16: ok
A17: BT-LE-B | B17: SB | C17: 64 | D17: 58 | E17: 12 | F17: 15000 | O17: =V17*$O$2 -> 9.4397645 | P17: =F17+J17+N17 -> 15000 | Q17: =P17/1000 -> 15 | R17: =MAX(Q17,O17) -> 15 | S17: =VLOOKUP(A17,[1]Index!$E:$M,8,) -> 8821.9178 | T17: =S17-P17 -> -6178.0822 | U17: =T17/S17 -> -0.70031056 | V17: =(((C17*D17*E17)+(G17*H17*I17)+(K17*L17*M17))/1000000)*35.32 -> 1.5732941 | W17: =Q17/V17 -> 9.5341362 | X17: phy. not avilable
A18: BT-OL | B18: SB | C18: 50 | D18: 45 | E18: 8 | F18: 8250 | O18: =V18*$O$2 -> 3.81456 | P18: =F18+J18+N18 -> 8250 | Q18: =P18/1000 -> 8.25 | R18: =MAX(Q18,O18) -> 8.25 | S18: =VLOOKUP(A18,[1]Index!$E:$M,8,) -> 8112 | T18: =S18-P18 -> -138 | U18: =T18/S18 -> -0.017011834 | V18: =(((C18*D18*E18)+(G18*H18*I18)+(K18*L18*M18))/1000000)*35.32 -> 0.63576 | W18: =Q18/V18 -> 12.976595 | X18: ok
A19: BT-OL-D | B19: SB | C19: 49 | D19: 43 | E19: 12 | F19: 10900 | O19: =V19*$O$2 -> 5.3581853 | P19: =F19+J19+N19 -> 10900 | Q19: =P19/1000 -> 10.9 | R19: =MAX(Q19,O19) -> 10.9 | S19: =VLOOKUP(A19,[1]Index!$E:$M,8,) -> 10252.116 | T19: =S19-P19 -> -647.88437 | U19: =T19/S19 -> -0.063195188 | V19: =(((C19*D19*E19)+(G19*H19*I19)+(K19*L19*M19))/1000000)*35.32 -> 0.89303088 | W19: =Q19/V19 -> 12.205625 | X19: ok
A20: CT-ATD-LA | B20: SB | C20: 123 | D20: 56 | E20: 5 | F20: 24490 | O20: =V20*$O$2 -> 7.2985248 | P20: =F20+J20+N20 -> 24490 | Q20: =P20/1000 -> 24.49 | R20: =MAX(Q20,O20) -> 24.49 | S20: =VLOOKUP(A20,[1]Index!$E:$M,8,) -> 23784.664 | T20: =S20-P20 -> -705.33643 | U20: =T20/S20 -> -0.029655094 | V20: =(((C20*D20*E20)+(G20*H20*I20)+(K20*L20*M20))/1000000)*35.32 -> 1.2164208 | W20: =Q20/V20 -> 20.132836 | X20: phy. not avilable
A21: CT-ATD-ST | B21: SB | C21: 96 | D21: 44 | E21: 8 | F21: 11100 | O21: =V21*$O$2 -> 7.1612006 | P21: =F21+J21+N21 -> 11100 | Q21: =P21/1000 -> 11.1 | R21: =MAX(Q21,O21) -> 11.1 | S21: =VLOOKUP(A21,[1]Index!$E:$M,8,) -> 13438.902 | T21: =S21-P21 -> 2338.9017 | U21: =T21/S21 -> 0.17403964 | V21: =(((C21*D21*E21)+(G21*H21*I21)+(K21*L21*M21))/1000000)*35.32 -> 1.1935334 | W21: =Q21/V21 -> 9.3001165 | X21: ok
A22: CT-DOV | B22: SB | C22: 111 | D22: 54 | E22: 8 | F22: 23800 | O22: =V22*$O$2 -> 10.161988 | P22: =F22+J22+N22 -> 23800 | Q22: =P22/1000 -> 23.8 | R22: =MAX(Q22,O22) -> 23.8 | S22: =VLOOKUP(A22,[1]Index!$E:$M,8,) -> 21457 | T22: =S22-P22 -> -2343 | U22: =T22/S22 -> -0.10919513 | V22: =(((C22*D22*E22)+(G22*H22*I22)+(K22*L22*M22))/1000000)*35.32 -> 1.6936646 | W22: =Q22/V22 -> 14.052369 | X22: ok
A23: CT-GSE-RT | B23: SB | C23: 100 | D23: 50 | E23: 4 | F23: 7100 | O23: =V23*$O$2 -> 4.2384 | P23: =F23+J23+N23 -> 7100 | Q23: =P23/1000 -> 7.1 | R23: =MAX(Q23,O23) -> 7.1 | S23: =VLOOKUP(A23,[1]Index!$E:$M,8,) -> 5381.721 | T23: =S23-P23 -> -1718.279 | U23: =T23/S23 -> -0.31928059 | V23: =(((C23*D23*E23)+(G23*H23*I23)+(K23*L23*M23))/1000000)*35.32 -> 0.7064 | W23: =Q23/V23 -> 10.050963 | X23: ok
A24: CT-GSE-RT2 | B24: SB | C24: 100 | D24: 50 | E24: 4 | F24: 11550 | O24: =V24*$O$2 -> 4.2384 | P24: =F24+J24+N24 -> 11550 | Q24: =P24/1000 -> 11.55 | R24: =MAX(Q24,O24) -> 11.55 | S24: =VLOOKUP(A24,[1]Index!$E:$M,8,) -> 9982.928 | T24: =S24-P24 -> -1567.072 | U24: =T24/S24 -> -0.15697519 | V24: =(((C24*D24*E24)+(G24*H24*I24)+(K24*L24*M24))/1000000)*35.32 -> 0.7064 | W24: =Q24/V24 -> 16.35051 | X24: ok
A25: CT-GSE-SQ | B25: SB | C25: 77 | D25: 77 | E25: 4 | F25: 8050 | O25: =V25*$O$2 -> 5.0258947 | P25: =F25+J25+N25 -> 8050 | Q25: =P25/1000 -> 8.05 | R25: =MAX(Q25,O25) -> 8.05 | S25: =VLOOKUP(A25,[1]Index!$E:$M,8,) -> 6253.372 | T25: =S25-P25 -> -1796.628 | U25: =T25/S25 -> -0.28730546 | V25: =(((C25*D25*E25)+(G25*H25*I25)+(K25*L25*M25))/1000000)*35.32 -> 0.83764912 | W25: =Q25/V25 -> 9.6102292 | X25: ok
... A31: CT-MD-SQ | B31: SB | C31: 85 | D31: 84 | E31: 6 | F31: 17400 | O31: =V31*$O$2 -> 9.0786528 | P31: =F31+J31+N31 -> 17400 | Q31: =P31/1000 -> 17.4 | R31: =MAX(Q31,O31) -> 17.4 | S31: =VLOOKUP(A31,[1]Index!$E:$M,8,) -> 18992.418 | T31: =S31-P31 -> 1592.4179 | U31: =T31/S31 -> 0.083844927 | V31: =(((C31*D31*E31)+(G31*H31*I31)+(K31*L31*M31))/1000000)*35.32 -> 1.5131088 | W31: =Q31/V31 -> 11.499504 | X31: phy. not avilable
A32: CT-MT-RO | B32: MB | C32: 70 | D32: 68 | E32: 3 | F32: 4300 | G32: 51 | H32: 12 | I32: 10 | J32: 1500 | O32: =V32*$O$2 -> 4.323168 | P32: =F32+J32+N32 -> 5800 | Q32: =P32/1000 -> 5.8 | R32: =MAX(Q32,O32) -> 5.8 | S32: =VLOOKUP(A32,[1]Index!$E:$M,8,) -> 4517.919 | T32: =S32-P32 -> -1282.081 | U32: =T32/S32 -> -0.28377689 | V32: =(((C32*D32*E32)+(G32*H32*I32)+(K32*L32*M32))/1000000)*35.32 -> 0.720528 | W32: =Q32/V32 -> 8.0496525 | X32: ok
A33: CT-MT-RT | B33: MB | C33: 86 | D33: 46 | E33: 5 | F33: 4700 | G33: 51 | H33: 12 | I33: 10 | J33: 1500 | O33: =V33*$O$2 -> 5.488728 | P33: =F33+J33+N33 -> 6200 | Q33: =P33/1000 -> 6.2 | R33: =MAX(Q33,O33) -> 6.2 | S33: =VLOOKUP(A33,[1]Index!$E:$M,8,) -> 3843.3503 | T33: =S33-P33 -> -2356.6497 | U33: =T33/S33 -> -0.61317587 | V33: =(((C33*D33*E33)+(G33*H33*I33)+(K33*L33*M33))/1000000)*35.32 -> 0.914788 | W33: =Q33/V33 -> 6.7775266 | X33: ok
A34: CT-MT-SQ | B34: MB | C34: 100 | D34: 50 | E34: 4 | F34: 8900 | G34: 51 | H34: 12 | I34: 10 | J34: 1500 | O34: =V34*$O$2 -> 5.5353504 | P34: =F34+J34+N34 -> 10400 | Q34: =P34/1000 -> 10.4 | R34: =MAX(Q34,O34) -> 10.4 | S34: =VLOOKUP(A34,[1]Index!$E:$M,8,) -> 5208.6044 | T34: =S34-P34 -> -5191.3956 | U34: =T34/S34 -> -0.99669607 | V34: =(((C34*D34*E34)+(G34*H34*I34)+(K34*L34*M34))/1000000)*35.32 -> 0.9225584 | W34: =Q34/V34 -> 11.272999 | X34: Ok
A35: CT-NO-RT | B35: SB | C35: 85 | D35: 45 | E35: 6 | F35: 10700 | G35: 51 | H35: 12 | I35: 10 | J35: 1500 | O35: =V35*$O$2 -> 6.1605144 | P35: =F35+J35+N35 -> 12200 | Q35: =P35/1000 -> 12.2 | R35: =MAX(Q35,O35) -> 12.2 | S35: =VLOOKUP(A35,[1]Index!$E:$M,8,) -> 10756.616 | T35: =S35-P35 -> -1443.3841 | U35: =T35/S35 -> -0.1341857 | V35: =(((C35*D35*E35)+(G35*H35*I35)+(K35*L35*M35))/1000000)*35.32 -> 1.0267524 | W35: =Q35/V35 -> 11.882125 | X35: Ok
A36: CT-NO-SQ | B36: SB | C36: 76 | D36: 76 | E36: 6 | F36: 13560 | O36: =V36*$O$2 -> 7.3442995 | P36: =F36+J36+N36 -> 13560 | Q36: =P36/1000 -> 13.56 | R36: =MAX(Q36,O36) -> 13.56 | S36: =VLOOKUP(A36,[1]Index!$E:$M,8,) -> 14621.767 | T36: =S36-P36 -> 1061.7672 | U36: =T36/S36 -> 0.07261552 | V36: =(((C36*D36*E36)+(G36*H36*I36)+(K36*L36*M36))/1000000)*35.32 -> 1.2240499 | W36: =Q36/V36 -> 11.07798 | X36: Ok
A37: CT-OL | B37: SB | C37: 85 | D37: 48 | E37: 8 | F37: 11500 | O37: =V37*$O$2 -> 6.9170688 | P37: =F37+J37+N37 -> 11500 | Q37: =P37/1000 -> 11.5 | R37: =MAX(Q37,O37) -> 11.5 | S37: =VLOOKUP(A37,[1]Index!$E:$M,8,) -> 11287.169 | T37: =S37-P37 -> -212.8311 | U37: =T37/S37 -> -0.018856021 | V37: =(((C37*D37*E37)+(G37*H37*I37)+(K37*L37*M37))/1000000)*35.32 -> 1.1528448 | W37: =Q37/V37 -> 9.9753237 | X37: phy. not avilable
A38: CT-OSN-OV | B38: SB | C38: 105 | D38: 65 | E38: 4 | F38: 96400 | O38: =V38*$O$2 -> 5.785416 | P38: =F38+J38+N38 -> 96400 | Q38: =P38/1000 -> 96.4 | R38: =MAX(Q38,O38) -> 96.4 | S38: =VLOOKUP(A38,[1]Index!$E:$M,8,) -> 8466.6325 | T38: =S38-P38 -> -87933.367 | U38: =T38/S38 -> -10.385873 | V38: =(((C38*D38*E38)+(G38*H38*I38)+(K38*L38*M38))/1000000)*35.32 -> 0.964236 | W38: =Q38/V38 -> 99.975525 | X38: phy. not avilable
A39: CT-OSN-RT | B39: SB | C39: 100 | D39: 50 | E39: 5 | F39: 8800 | O39: =V39*$O$2 -> 5.298 | P39: =F39+J39+N39 -> 8800 | Q39: =P39/1000 -> 8.8 | R39: =MAX(Q39,O39) -> 8.8 | S39: =VLOOKUP(A39,[1]Index!$E:$M,8,) -> 8494.1627 | T39: =S39-P39 -> -305.83728 | U39: =T39/S39 -> -0.036005582 | V39: =(((C39*D39*E39)+(G39*H39*I39)+(K39*L39*M39))/1000000)*35.32 -> 0.883 | W39: =Q39/V39 -> 9.9660249 | X39: phy. not avilable
A40: CT-SY | B40: SB | C40: 79 | D40: 66 | E40: 8 | F40: 11800 | O40: =V40*$O$2 -> 8.839607 | P40: =F40+J40+N40 -> 11800 | Q40: =P40/1000 -> 11.8 | R40: =MAX(Q40,O40) -> 11.8 | S40: =VLOOKUP(A40,[1]Index!$E:$M,8,) -> 11447.544 | T40: =S40-P40 -> -352.45617 | U40: =T40/S40 -> -0.030788803 | V40: =(((C40*D40*E40)+(G40*H40*I40)+(K40*L40*M40))/1000000)*35.32 -> 1.4732678 | W40: =Q40/V40 -> 8.0094058 | X40: Ok
A41: CT-TR-RT | B41: SB | C41: 97 | D41: 45 | E41: 8 | F41: 12200 | O41: =V41*$O$2 -> 7.4002464 | P41: =F41+J41+N41 -> 12200 | Q41: =P41/1000 -> 12.2 | R41: =MAX(Q41,O41) -> 12.2 | S41: =VLOOKUP(A41,[1]Index!$E:$M,8,) -> 12000 | T41: =S41-P41 -> -200 | U41: =T41/S41 -> -0.016666667 | V41: =(((C41*D41*E41)+(G41*H41*I41)+(K41*L41*M41))/1000000)*35.32 -> 1.2333744 | W41: =Q41/V41 -> 9.8915625 | X41: phy. not avilable
A42: CT-TR-RTS | B42: SB | C42: 110 | D42: 50 | E42: 5 | F42: 12750 | O42: =V42*$O$2 -> 5.8278 | P42: =F42+J42+N42 -> 12750 | Q42: =P42/1000 -> 12.75 | R42: =MAX(Q42,O42) -> 12.75 | S42: =VLOOKUP(A42,[1]Index!$E:$M,8,) -> 13032.699 | T42: =S42-P42 -> 282.69902 | U42: =T42/S42 -> 0.021691518 | V42: =(((C42*D42*E42)+(G42*H42*I42)+(K42*L42*M42))/1000000)*35.32 -> 0.9713 | W42: =Q42/V42 -> 13.126737 | X42: phy. not avilable
A43: CT-VC | B43: SB | C43: 88 | D43: 45 | E43: 9 | F43: 15400 | O43: =V43*$O$2 -> 7.5528288 | P43: =F43+J43+N43 -> 15400 | Q43: =P43/1000 -> 15.4 | R43: =MAX(Q43,O43) -> 15.4 | S43: =VLOOKUP(A43,[1]Index!$E:$M,8,) -> 15171.843 | T43: =S43-P43 -> -228.15658 | U43: =T43/S43 -> -0.015038158 | V43: =(((C43*D43*E43)+(G43*H43*I43)+(K43*L43*M43))/1000000)*35.32 -> 1.2588048 | W43: =Q43/V43 -> 12.233827 | X43: Ok
A44: DT-GRA | B44: SB | C44: 67 | D44: 40 | E44: 4 | F44: 5350 | O44: =V44*$O$2 -> 2.2717824 | P44: =F44+J44+N44 -> 5350 | Q44: =P44/1000 -> 5.35 | R44: =MAX(Q44,O44) -> 5.35 | S44: =VLOOKUP(A44,[1]Index!$E:$M,8,) -> 6383.7606 | T44: =S44-P44 -> 1033.7606 | U44: =T44/S44 -> 0.16193599 | V44: =(((C44*D44*E44)+(G44*H44*I44)+(K44*L44*M44))/1000000)*35.32 -> 0.3786304 | W44: =Q44/V44 -> 14.129874 | X44: phy. not avilable
A45: DT-HE-3 | B45: SB | C45: 85 | D45: 85 | E45: 5 | F45: 9920 | O45: =V45*$O$2 -> 7.65561 | P45: =F45+J45+N45 -> 9920 | Q45: =P45/1000 -> 9.92 | R45: =MAX(Q45,O45) -> 9.92 | S45: =VLOOKUP(A45,[1]Index!$E:$M,8,) -> 10388.342 | T45: =S45-P45 -> 468.34195 | U45: =T45/S45 -> 0.045083417 | V45: =(((C45*D45*E45)+(G45*H45*I45)+(K45*L45*M45))/1000000)*35.32 -> 1.275935 | W45: =Q45/V45 -> 7.7746907 | X45: phy. not avilable
A46: DT-HE-4 | B46: SB | C46: 157 | D46: 82 | E46: 6 | F46: 18350 | O46: =V46*$O$2 -> 16.369548 | P46: =F46+J46+N46 -> 18350 | Q46: =P46/1000 -> 18.35 | R46: =MAX(Q46,O46) -> 18.35 | S46: =VLOOKUP(A46,[1]Index!$E:$M,8,) -> 16426.759 | T46: =S46-P46 -> -1923.2405 | U46: =T46/S46 -> -0.11707973 | V46: =(((C46*D46*E46)+(G46*H46*I46)+(K46*L46*M46))/1000000)*35.32 -> 2.7282581 | W46: =Q46/V46 -> 6.7259033 | X46: Ok
A47: DT-MR | B47: SB | C47: 116 | D47: 40 | E47: 6 | F47: 6000 | O47: =V47*$O$2 -> 5.8998528 | P47: =F47+J47+N47 -> 6000 | Q47: =P47/1000 -> 6 | R47: =MAX(Q47,O47) -> 6 | S47: =VLOOKUP(A47,[1]Index!$E:$M,8,) -> 5647.0582 | T47: =S47-P47 -> -352.94185 | U47: =T47/S47 -> -0.062500126 | V47: =(((C47*D47*E47)+(G47*H47*I47)+(K47*L47*M47))/1000000)*35.32 -> 0.9833088 | W47: =Q47/V47 -> 6.1018472 | X47: phy. not avilable
... A97: S-CC | B97: SB | C97: 187 | D97: 43 | E97: 5 | F97: 14800 | O97: =V97*$O$2 -> 8.5202436 | P97: =F97+J97+N97 -> 14800 | Q97: =P97/1000 -> 14.8 | R97: =MAX(Q97,O97) -> 14.8 | S97: =VLOOKUP(A97,[1]Index!$E:$M,8,) -> 14955.153 | T97: =S97-P97 -> 155.15339 | U97: =T97/S97 -> 0.010374577 | V97: =(((C97*D97*E97)+(G97*H97*I97)+(K97*L97*M97))/1000000)*35.32 -> 1.4200406 | W97: =Q97/V97 -> 10.422237 | X97: phy. not avilable
A98: S-CK-2 | B98: SB | O98: =V98*$O$2 -> 0 | P98: =F98+J98+N98 -> 0 | Q98: =P98/1000 -> 0 | R98: =MAX(Q98,O98) -> 0 | S98: =VLOOKUP(A98,[1]Index!$E:$M,8,) -> 1054.4381 | T98: =S98-P98 -> 1054.4381 | U98: =T98/S98 -> 1 | V98: =(((C98*D98*E98)+(G98*H98*I98)+(K98*L98*M98))/1000000)*35.32 -> 0 | W98: =Q98/V98 -> #DIV/0! | X98: phy. not avilable
A99: S-CRN | B99: SB | C99: 97 | D99: 20 | E99: 10 | F99: 9320 | O99: =V99*$O$2 -> 4.111248 | P99: =F99+J99+N99 -> 9320 | Q99: =P99/1000 -> 9.32 | R99: =MAX(Q99,O99) -> 9.32 | S99: =VLOOKUP(A99,[1]Index!$E:$M,8,) -> #N/A | T99: =S99-P99 -> #N/A | U99: =T99/S99 -> #N/A | V99: =(((C99*D99*E99)+(G99*H99*I99)+(K99*L99*M99))/1000000)*35.32 -> 0.685208 | W99: =Q99/V99 -> 13.601709 | X99: phy. not avilable
A100: S-ETN | B100: SB | C100: 84 | D100: 19 | E100: 7 | F100: 4750 | O100: =V100*$O$2 -> 2.3675702 | P100: =F100+J100+N100 -> 4750 | Q100: =P100/1000 -> 4.75 | R100: =MAX(Q100,O100) -> 4.75 | S100: =VLOOKUP(A100,[1]Index!$E:$M,8,) -> 3956.1228 | T100: =S100-P100 -> -793.87723 | U100: =T100/S100 -> -0.20067052 | V100: =(((C100*D100*E100)+(G100*H100*I100)+(K100*L100*M100))/1000000)*35.32 -> 0.39459504 | W100: =Q100/V100 -> 12.037658 | X100: ok
A101: S-NE-W2 | B101: SB | O101: =V101*$O$2 -> 0 | P101: =F101+J101+N101 -> 0 | Q101: =P101/1000 -> 0 | R101: =MAX(Q101,O101) -> 0 | S101: =VLOOKUP(A101,[1]Index!$E:$M,8,) -> #N/A | T101: =S101-P101 -> #N/A | U101: =T101/S101 -> #N/A | V101: =(((C101*D101*E101)+(G101*H101*I101)+(K101*L101*M101))/1000000)*35.32 -> 0 | W101: =Q101/V101 -> #DIV/0! | X101: phy. not avilable
A102: S-GRB | B102: SB | C102: 68 | D102: 21 | E102: 8 | F102: 4850 | O102: =V102*$O$2 -> 2.4209741 | P102: =F102+J102+N102 -> 4850 | Q102: =P102/1000 -> 4.85 | R102: =MAX(Q102,O102) -> 4.85 | S102: =VLOOKUP(A102,[1]Index!$E:$M,8,) -> 4129.1912 | T102: =S102-P102 -> -720.80875 | U102: =T102/S102 -> -0.17456415 | V102: =(((C102*D102*E102)+(G102*H102*I102)+(K102*L102*M102))/1000000)*35.32 -> 0.40349568 | W102: =Q102/V102 -> 12.019955 | X102: phy. not avilable
A103: S-JVS | B103: SB | C103: 82 | D103: 20 | E103: 10 | F103: 7350 | O103: =V103*$O$2 -> 3.475488 | P103: =F103+J103+N103 -> 7350 | Q103: =P103/1000 -> 7.35 | R103: =MAX(Q103,O103) -> 7.35 | S103: =VLOOKUP(A103,[1]Index!$E:$M,8,) -> 6917 | T103: =S103-P103 -> -433 | U103: =T103/S103 -> -0.062599393 | V103: =(((C103*D103*E103)+(G103*H103*I103)+(K103*L103*M103))/1000000)*35.32 -> 0.579248 | W103: =Q103/V103 -> 12.688866 | X103: ok
A104: S-LO | B104: SB | C104: 110 | D104: 21 | E104: 4 | F104: 3750 | O104: =V104*$O$2 -> 1.9581408 | P104: =F104+J104+N104 -> 3750 | Q104: =P104/1000 -> 3.75 | R104: =MAX(Q104,O104) -> 3.75 | S104: =VLOOKUP(A104,[1]Index!$E:$M,8,) -> #REF! | T104: =S104-P104 -> #REF! | U104: =T104/S104 -> #REF! | V104: =(((C104*D104*E104)+(G104*H104*I104)+(K104*L104*M104))/1000000)*35.32 -> 0.3263568 | W104: =Q104/V104 -> 11.490491 | X104: ok
A105: S-MO-3 | B105: SB | C105: 27.5 | D105: 27.5 | E105: 17.5 | F105: 3000 | O105: =V105*$O$2 -> 2.8046288 | P105: =F105+J105+N105 -> 3000 | Q105: =P105/1000 -> 3 | R105: =MAX(Q105,O105) -> 3 | S105: =VLOOKUP(A105,[1]Index!$E:$M,8,) -> 3004.0621 | T105: =S105-P105 -> 4.062102 | U105: =T105/S105 -> 0.0013522031 | V105: =(((C105*D105*E105)+(G105*H105*I105)+(K105*L105*M105))/1000000)*35.32 -> 0.46743812 | W105: =Q105/V105 -> 6.4179617 | X105: phy. not avilable
A106: S-MO-5 | B106: SB | C106: 25 | D106: 25 | E106: 18 | F106: 4000 | O106: =V106*$O$2 -> 2.3841 | P106: =F106+J106+N106 -> 4000 | Q106: =P106/1000 -> 4 | R106: =MAX(Q106,O106) -> 4 | S106: =VLOOKUP(A106,[1]Index!$E:$M,8,) -> 4335.235 | T106: =S106-P106 -> 335.23502 | U106: =T106/S106 -> 0.077327993 | V106: =(((C106*D106*E106)+(G106*H106*I106)+(K106*L106*M106))/1000000)*35.32 -> 0.39735 | W106: =Q106/V106 -> 10.066692 | X106: phy. not avilable
A107: S-PTE | B107: SB | C107: 143 | D107: 20 | E107: 8 | F107: 11500 | O107: =V107*$O$2 -> 4.8487296 | P107: =F107+J107+N107 -> 11500 | Q107: =P107/1000 -> 11.5 | R107: =MAX(Q107,O107) -> 11.5 | S107: =VLOOKUP(A107,[1]Index!$E:$M,8,) -> 10495.436 | T107: =S107-P107 -> -1004.5636 | U107: =T107/S107 -> -0.095714323 | V107: =(((C107*D107*E107)+(G107*H107*I107)+(K107*L107*M107))/1000000)*35.32 -> 0.8081216 | W107: =Q107/V107 -> 14.230532 | X107: ok
A108: SR-BKN-2 | B108: SB | C108: 152 | D108: 58 | E108: 9 | F108: 32810 | O108: =V108*$O$2 -> 16.81458 | P108: =F108+J108+N108 -> 32810 | Q108: =P108/1000 -> 32.81 | R108: =MAX(Q108,O108) -> 32.81 | S108: =VLOOKUP(A108,[1]Index!$E:$M,8,) -> 22110.985 | T108: =S108-P108 -> -10699.015 | U108: =T108/S108 -> -0.48387782 | V108: =(((C108*D108*E108)+(G108*H108*I108)+(K108*L108*M108))/1000000)*35.32 -> 2.8024301 | W108: =Q108/V108 -> 11.707696 | X108: Pending
A109: SR-CLM-2 | B109: SB | C109: 81 | D109: 42 | E109: 13 | F109: 18350 | O109: =V109*$O$2 -> 9.3723739 | P109: =F109+J109+N109 -> 18350 | Q109: =P109/1000 -> 18.35 | R109: =MAX(Q109,O109) -> 18.35 | S109: =VLOOKUP(A109,[1]Index!$E:$M,8,) -> 17032.668 | T109: =S109-P109 -> -1317.3317 | U109: =T109/S109 -> -0.077341474 | V109: =(((C109*D109*E109)+(G109*H109*I109)+(K109*L109*M109))/1000000)*35.32 -> 1.5620623 | W109: =Q109/V109 -> 11.747291 | X109: ok
A110: SR-CLM-3 | B110: SB | C110: 128 | D110: 43 | E110: 11 | F110: 29800 | O110: =V110*$O$2 -> 12.830484 | P110: =F110+J110+N110 -> 29800 | Q110: =P110/1000 -> 29.8 | R110: =MAX(Q110,O110) -> 29.8 | S110: =VLOOKUP(A110,[1]Index!$E:$M,8,) -> 25230.272 | T110: =S110-P110 -> -4569.7277 | U110: =T110/S110 -> -0.18112083 | V110: =(((C110*D110*E110)+(G110*H110*I110)+(K110*L110*M110))/1000000)*35.32 -> 2.1384141 | W110: =Q110/V110 -> 13.935561 | X110: ok
A111: SR-KPN | B111: SB | C111: 147 | D111: 39 | E111: 12 | F111: 34850 | O111: =V111*$O$2 -> 14.579248 | P111: =F111+J111+N111 -> 34850 | Q111: =P111/1000 -> 34.85 | R111: =MAX(Q111,O111) -> 34.85 | S111: =VLOOKUP(A111,[1]Index!$E:$M,8,) -> 30950.8 | T111: =S111-P111 -> -3899.1997 | U111: =T111/S111 -> -0.12598058 | V111: =(((C111*D111*E111)+(G111*H111*I111)+(K111*L111*M111))/1000000)*35.32 -> 2.4298747 | W111: =Q111/V111 -> 14.342303 | X111: ok
A112: SR-KPN-3 | B112: SB | C112: 148 | D112: 40 | E112: 12 | F112: 34000 | O112: =V112*$O$2 -> 15.054797 | P112: =F112+J112+N112 -> 34000 | Q112: =P112/1000 -> 34 | R112: =MAX(Q112,O112) -> 34 | S112: =VLOOKUP(A112,[1]Index!$E:$M,8,) -> 39100.259 | T112: =S112-P112 -> 5100.2593 | U112: =T112/S112 -> 0.13044055 | V112: =(((C112*D112*E112)+(G112*H112*I112)+(K112*L112*M112))/1000000)*35.32 -> 2.5091328 | W112: =Q112/V112 -> 13.550498 | X112: NF
A113: SR-KPN-FW | B113: SB | C113: 147 | D113: 40 | E113: 12 | F113: 34600 | O113: =V113*$O$2 -> 14.953075 | P113: =F113+J113+N113 -> 34600 | Q113: =P113/1000 -> 34.6 | R113: =MAX(Q113,O113) -> 34.6 | S113: =VLOOKUP(A113,[1]Index!$E:$M,8,) -> #N/A | T113: =S113-P113 -> #N/A | U113: =T113/S113 -> #N/A | V113: =(((C113*D113*E113)+(G113*H113*I113)+(K113*L113*M113))/1000000)*35.32 -> 2.4921792 | W113: =Q113/V113 -> 13.883432 | X113: phy. not avilable
... A124: ST-ENI-LA | B124: SB | C124: 116 | D124: 60 | E124: 6 | F124: 15500 | O124: =V124*$O$2 -> 8.8497792 | P124: =F124+J124+N124 -> 15500 | Q124: =P124/1000 -> 15.5 | R124: =MAX(Q124,O124) -> 15.5 | S124: =VLOOKUP(A124,[1]Index!$E:$M,8,) -> #N/A | T124: =S124-P124 -> #N/A | U124: =T124/S124 -> #N/A | V124: =(((C124*D124*E124)+(G124*H124*I124)+(K124*L124*M124))/1000000)*35.32 -> 1.4749632 | W124: =Q124/V124 -> 10.508737 | X124: phy. not avilable
A125: ST-ENI-ST | B125: SB | O125: =V125*$O$2 -> 0 | P125: =F125+J125+N125 -> 0 | Q125: =P125/1000 -> 0 | R125: =MAX(Q125,O125) -> 0 | S125: =VLOOKUP(A125,[1]Index!$E:$M,8,) -> #N/A | T125: =S125-P125 -> #N/A | U125: =T125/S125 -> #N/A | V125: =(((C125*D125*E125)+(G125*H125*I125)+(K125*L125*M125))/1000000)*35.32 -> 0 | W125: =Q125/V125 -> #DIV/0! | X125: phy. not avilable
A126: ST-GSE-ST | B126: SB | C126: 97 | D126: 58 | E126: 5 | F126: 10805 | O126: =V126*$O$2 -> 5.9613096 | P126: =F126+J126+N126 -> 10805 | Q126: =P126/1000 -> 10.805 | R126: =MAX(Q126,O126) -> 10.805 | S126: =VLOOKUP(A126,[1]Index!$E:$M,8,) -> 9918.8896 | T126: =S126-P126 -> -886.11045 | U126: =T126/S126 -> -0.08933565 | V126: =(((C126*D126*E126)+(G126*H126*I126)+(K126*L126*M126))/1000000)*35.32 -> 0.9935516 | W126: =Q126/V126 -> 10.875127 | X126: ok
A127: ST-GSE-WMS | B127: SB | C127: 87 | D127: 59 | E127: 5 | F127: 6415 | O127: =V127*$O$2 -> 5.4389268 | P127: =F127+J127+N127 -> 6415 | Q127: =P127/1000 -> 6.415 | R127: =MAX(Q127,O127) -> 6.415 | S127: =VLOOKUP(A127,[1]Index!$E:$M,8,) -> 6633.0811 | T127: =S127-P127 -> 218.08111 | U127: =T127/S127 -> 0.032877799 | V127: =(((C127*D127*E127)+(G127*H127*I127)+(K127*L127*M127))/1000000)*35.32 -> 0.9064878 | W127: =Q127/V127 -> 7.0767637 | X127: phy. not avilable
A128: ST-HE | B128: SB | C128: 87 | D128: 58 | E128: 5 | F128: 6900 | O128: =V128*$O$2 -> 5.3467416 | P128: =F128+J128+N128 -> 6900 | Q128: =P128/1000 -> 6.9 | R128: =MAX(Q128,O128) -> 6.9 | S128: =VLOOKUP(A128,[1]Index!$E:$M,8,) -> 7126.2317 | T128: =S128-P128 -> 226.23166 | U128: =T128/S128 -> 0.031746325 | V128: =(((C128*D128*E128)+(G128*H128*I128)+(K128*L128*M128))/1000000)*35.32 -> 0.8911236 | W128: =Q128/V128 -> 7.7430336 | X128: ok
A129: ST-HES | B129: SB | C129: 86 | D129: 66 | E129: 5 | F129: 10210 | O129: =V129*$O$2 -> 6.0142896 | P129: =F129+J129+N129 -> 10210 | Q129: =P129/1000 -> 10.21 | R129: =MAX(Q129,O129) -> 10.21 | S129: =VLOOKUP(A129,[1]Index!$E:$M,8,) -> 8484.8913 | T129: =S129-P129 -> -1725.1087 | U129: =T129/S129 -> -0.20331536 | V129: =(((C129*D129*E129)+(G129*H129*I129)+(K129*L129*M129))/1000000)*35.32 -> 1.0023816 | W129: =Q129/V129 -> 10.185742 | X129: ok
A130: ST-MLM-L | B130: SB | C130: 110 | D130: 45 | E130: 8 | F130: 17500 | O130: =V130*$O$2 -> 8.392032 | P130: =F130+J130+N130 -> 17500 | Q130: =P130/1000 -> 17.5 | R130: =MAX(Q130,O130) -> 17.5 | S130: =VLOOKUP(A130,[1]Index!$E:$M,8,) -> 19120.121 | T130: =S130-P130 -> 1620.1214 | U130: =T130/S130 -> 0.084733846 | V130: =(((C130*D130*E130)+(G130*H130*I130)+(K130*L130*M130))/1000000)*35.32 -> 1.398672 | W130: =Q130/V130 -> 12.511868 | X130: ok
A131: ST-MLM-N | B131: SB | C131: 110 | D131: 46 | E131: 8 | F131: 18450 | O131: =V131*$O$2 -> 8.5785216 | P131: =F131+J131+N131 -> 18450 | Q131: =P131/1000 -> 18.45 | R131: =MAX(Q131,O131) -> 18.45 | S131: =VLOOKUP(A131,[1]Index!$E:$M,8,) -> 17683.295 | T131: =S131-P131 -> -766.70454 | U131: =T131/S131 -> -0.04335756 | V131: =(((C131*D131*E131)+(G131*H131*I131)+(K131*L131*M131))/1000000)*35.32 -> 1.4297536 | W131: =Q131/V131 -> 12.904321 | X131: ok
A132: ST-RE | B132: SB | C132: 97 | D132: 50 | E132: 7 | F132: 17600 | O132: =V132*$O$2 -> 7.194684 | P132: =F132+J132+N132 -> 17600 | Q132: =P132/1000 -> 17.6 | R132: =MAX(Q132,O132) -> 17.6 | S132: =VLOOKUP(A132,[1]Index!$E:$M,8,) -> 16988.62 | T132: =S132-P132 -> -611.38037 | U132: =T132/S132 -> -0.035987643 | V132: =(((C132*D132*E132)+(G132*H132*I132)+(K132*L132*M132))/1000000)*35.32 -> 1.199114 | W132: =Q132/V132 -> 14.677504 | X132: ok
A133: S-XD | B133: SB | C133: 95 | D133: 22 | E133: 12 | F133: 2600 | O133: =V133*$O$2 -> 5.3149536 | P133: =F133+J133+N133 -> 2600 | Q133: =P133/1000 -> 2.6 | R133: =MAX(Q133,O133) -> 5.3149536 | S133: =VLOOKUP(A133,[1]Index!$E:$M,8,) -> 8246 | T133: =S133-P133 -> 5646 | U133: =T133/S133 -> 0.68469561 | V133: =(((C133*D133*E133)+(G133*H133*I133)+(K133*L133*M133))/1000000)*35.32 -> 0.8858256 | W133: =Q133/V133 -> 2.935115 | X133: ok
A134: TS-NV | B134: SB | C134: 55 | D134: 29 | E134: 8 | O134: =V134*$O$2 -> 2.7040992 | P134: =F134+J134+N134 -> 0 | Q134: =P134/1000 -> 0 | R134: =MAX(Q134,O134) -> 2.7040992 | S134: =VLOOKUP(A134,[1]Index!$E:$M,8,) -> #N/A | T134: =S134-P134 -> #N/A | U134: =T134/S134 -> #N/A | V134: =(((C134*D134*E134)+(G134*H134*I134)+(K134*L134*M134))/1000000)*35.32 -> 0.4506832 | W134: =Q134/V134 -> 0 | X134: phy. not avilable
A135: TS-NL | B135: SB | C135: 36 | D135: 25 | E135: 4 | F135: 12500 | O135: =V135*$O$2 -> 0.762912 | P135: =F135+J135+N135 -> 12500 | Q135: =P135/1000 -> 12.5 | R135: =MAX(Q135,O135) -> 12.5 | S135: =VLOOKUP(A135,[1]Index!$E:$M,8,) -> 1083.4392 | T135: =S135-P135 -> -11416.561 | U135: =T135/S135 -> -10.537334 | V135: =(((C135*D135*E135)+(G135*H135*I135)+(K135*L135*M135))/1000000)*35.32 -> 0.127152 | W135: =Q135/V135 -> 98.307537 | X135: ok
A136: TS-NL-A | B136: SB | C136: 36 | D136: 25 | E136: 4 | F136: 1900 | O136: =V136*$O$2 -> 0.762912 | P136: =F136+J136+N136 -> 1900 | Q136: =P136/1000 -> 1.9 | R136: =MAX(Q136,O136) -> 1.9 | S136: =VLOOKUP(A136,[1]Index!$E:$M,8,) -> 1281.1014 | T136: =S136-P136 -> -618.89863 | U136: =T136/S136 -> -0.48309888 | V136: =(((C136*D136*E136)+(G136*H136*I136)+(K136*L136*M136))/1000000)*35.32 -> 0.127152 | W136: =Q136/V136 -> 14.942746 | X136: ok
A137: TU-ARO-LA | B137: SB | C137: 46 | D137: 35 | E137: 9 | F137: 6860 | O137: =V137*$O$2 -> 3.0707208 | P137: =F137+J137+N137 -> 6860 | Q137: =P137/1000 -> 6.86 | R137: =MAX(Q137,O137) -> 6.86 | S137: =VLOOKUP(A137,[1]Index!$E:$M,8,) -> 6535.6483 | T137: =S137-P137 -> -324.35172 | U137: =T137/S137 -> -0.049628087 | V137: =(((C137*D137*E137)+(G137*H137*I137)+(K137*L137*M137))/1000000)*35.32 -> 0.5117868 | W137: =Q137/V137 -> 13.404019 | X137: ok
A138: TU-ATD | B138: SB | C138: 175 | D138: 41 | E138: 7 | F138: 23150 | O138: =V138*$O$2 -> 10.643682 | P138: =F138+J138+N138 -> 23150 | Q138: =P138/1000 -> 23.15 | R138: =MAX(Q138,O138) -> 23.15 | S138: =VLOOKUP(A138,[1]Index!$E:$M,8,) -> 20048.157 | T138: =S138-P138 -> -3101.8429 | U138: =T138/S138 -> -0.1547196 | V138: =(((C138*D138*E138)+(G138*H138*I138)+(K138*L138*M138))/1000000)*35.32 -> 1.773947 | W138: =Q138/V138 -> 13.049995 | X138: ok
A139: TU-CBR-LA | B139: SB | C139: 117 | D139: 28 | E139: 6 | F139: 8850 | O139: =V139*$O$2 -> 4.1654995 | P139: =F139+J139+N139 -> 8850 | Q139: =P139/1000 -> 8.85 | R139: =MAX(Q139,O139) -> 8.85 | S139: =VLOOKUP(A139,[1]Index!$E:$M,8,) -> 8298.5045 | T139: =S139-P139 -> -551.49554 | U139: =T139/S139 -> -0.06645722 | V139: =(((C139*D139*E139)+(G139*H139*I139)+(K139*L139*M139))/1000000)*35.32 -> 0.69424992 | W139: =Q139/V139 -> 12.747571 | X139: ok
A140: TU-CRL | B140: SB | C140: 144 | D140: 40 | E140: 10 | F140: 30000 | O140: =V140*$O$2 -> 12.206592 | P140: =F140+J140+N140 -> 30000 | Q140: =P140/1000 -> 30 | R140: =MAX(Q140,O140) -> 30 | S140: =VLOOKUP(A140,[1]Index!$E:$M,8,) -> 24666.918 | T140: =S140-P140 -> -5333.0821 | U140: =T140/S140 -> -0.21620383 | V140: =(((C140*D140*E140)+(G140*H140*I140)+(K140*L140*M140))/1000000)*35.32 -> 2.034432 | W140: =Q140/V140 -> 14.746131 | X140: ok
A141: TU-ETY-LA | B141: SB | C141: 127 | D141: 34 | E141: 8 | F141: 14700 | O141: =V141*$O$2 -> 7.3205645 | P141: =F141+J141+N141 -> 14700 | Q141: =P141/1000 -> 14.7 | R141: =MAX(Q141,O141) -> 14.7 | S141: =VLOOKUP(A141,[1]Index!$E:$M,8,) -> 13855.265 | T141: =S141-P141 -> -844.73469 | U141: =T141/S141 -> -0.060968496 | V141: =(((C141*D141*E141)+(G141*H141*I141)+(K141*L141*M141))/1000000)*35.32 -> 1.2200941 | W141: =Q141/V141 -> 12.048251 | X141: ok
A142: TU-ETY-M | B142: SB | C142: 99 | D142: 27 | E142: 6 | F142: 6600 | O142: =V142*$O$2 -> 3.398773 | P142: =F142+J142+N142 -> 6600 | Q142: =P142/1000 -> 6.6 | R142: =MAX(Q142,O142) -> 6.6 | S142: =VLOOKUP(A142,[1]Index!$E:$M,8,) -> 5655.1775 | T142: =S142-P142 -> -944.8225 | U142: =T142/S142 -> -0.16707212 | V142: =(((C142*D142*E142)+(G142*H142*I142)+(K142*L142*M142))/1000000)*35.32 -> 0.56646216 | W142: =Q142/V142 -> 11.651264 | X142: ok
A143: TU-ETY-ST | B143: SB | C143: 97 | D143: 28 | E143: 9 | F143: 11150 | O143: =V143*$O$2 -> 5.1801725 | P143: =F143+J143+N143 -> 11150 | Q143: =P143/1000 -> 11.15 | R143: =MAX(Q143,O143) -> 11.15 | S143: =VLOOKUP(A143,[1]Index!$E:$M,8,) -> 11053.271 | T143: =S143-P143 -> -96.728768 | U143: =T143/S143 -> -0.008751144 | V143: =(((C143*D143*E143)+(G143*H143*I143)+(K143*L143*M143))/1000000)*35.32 -> 0.86336208 | W143: =Q143/V143 -> 12.914628 | X143: ok
A144: TU-FL | B144: MB | C144: 228 | D144: 46 | E144: 9 | F144: 49050 | G144: 148 | H144: 26 | I144: 9 | J144: 19850 | K144: 158 | L144: 29 | M144: 7 | N144: 15000 | O144: =V144*$O$2 -> 34.139888 | P144: =F144+J144+N144 -> 83900 | Q144: =P144/1000 -> 83.9 | R144: =MAX(Q144,O144) -> 83.9 | S144: =VLOOKUP(A144,[1]Index!$E:$M,8,) -> 71563.039 | T144: =S144-P144 -> -12336.961 | U144: =T144/S144 -> -0.17239292 | V144: =(((C144*D144*E144)+(G144*H144*I144)+(K144*L144*M144))/1000000)*35.32 -> 5.6899814 | W144: =Q144/V144 -> 14.745215 | X144: ok
A145: TU-GAU | B145: SB | C145: 91 | D145: 53 | E145: 9 | F145: 19750 | O145: =V145*$O$2 -> 9.1988114 | P145: =F145+J145+N145 -> 19750 | Q145: =P145/1000 -> 19.75 | R145: =MAX(Q145,O145) -> 19.75 | S145: =VLOOKUP(A145,[1]Index!$E:$M,8,) -> 19574 | T145: =S145-P145 -> -176 | U145: =T145/S145 -> -0.0089915194 | V145: =(((C145*D145*E145)+(G145*H145*I145)+(K145*L145*M145))/1000000)*35.32 -> 1.5331352 | W145: =Q145/V145 -> 12.882099 | X145: ok
A146: TU-HMD | B146: SB | C146: 153 | D146: 45 | E146: 9 | F146: 30700 | O146: =V146*$O$2 -> 13.131623 | P146: =F146+J146+N146 -> 30700 | Q146: =P146/1000 -> 30.7 | R146: =MAX(Q146,O146) -> 30.7 | S146: =VLOOKUP(A146,[1]Index!$E:$M,8,) -> 28017.144 | T146: =S146-P146 -> -2682.8556 | U146: =T146/S146 -> -0.095757637 | V146: =(((C146*D146*E146)+(G146*H146*I146)+(K146*L146*M146))/1000000)*35.32 -> 2.1886038 | W146: =Q146/V146 -> 14.027208 | X146: ok
A147: TU-KU-LA | B147: SB | C147: 145 | D147: 30 | E147: 7 | F147: 15050 | O147: =V147*$O$2 -> 6.452964 | P147: =F147+J147+N147 -> 15050 | Q147: =P147/1000 -> 15.05 | R147: =MAX(Q147,O147) -> 15.05 | S147: =VLOOKUP(A147,[1]Index!$E:$M,8,) -> 12739.11 | T147: =S147-P147 -> -2310.8897 | U147: =T147/S147 -> -0.18140118 | V147: =(((C147*D147*E147)+(G147*H147*I147)+(K147*L147*M147))/1000000)*35.32 -> 1.075494 | W147: =Q147/V147 -> 13.993569 | X147: phy. not avilable
A148: TU-KU-ST | B148: SB | C148: 70 | D148: 30 | E148: 6 | F148: 3310 | O148: =V148*$O$2 -> 2.670192 | P148: =F148+J148+N148 -> 3310 | Q148: =P148/1000 -> 3.31 | R148: =MAX(Q148,O148) -> 3.31 | S148: =VLOOKUP(A148,[1]Index!$E:$M,8,) -> 6355.8932 | T148: =S148-P148 -> 3045.8932 | U148: =T148/S148 -> 0.47922347 | V148: =(((C148*D148*E148)+(G148*H148*I148)+(K148*L148*M148))/1000000)*35.32 -> 0.445032 | W148: =Q148/V148 -> 7.4376674 | X148: phy. not avilable
A149: TU-KVD-LA | B149: SB | C149: 97 | D149: 30 | E149: 6 | F149: 4800 | O149: =V149*$O$2 -> 3.7001232 | P149: =F149+J149+N149 -> 4800 | Q149: =P149/1000 -> 4.8 | R149: =MAX(Q149,O149) -> 4.8 | S149: =VLOOKUP(A149,[1]Index!$E:$M,8,) -> 1658.5727 | T149: =S149-P149 -> -3141.4273 | U149: =T149/S149 -> -1.8940546 | V149: =(((C149*D149*E149)+(G149*H149*I149)+(K149*L149*M149))/1000000)*35.32 -> 0.6166872 | W149: =Q149/V149 -> 7.7835246 | X149: ok
A150: TU-KVD-ST | B150: SB | C150: 65 | D150: 28 | E150: 5 | F150: 3500 | O150: =V150*$O$2 -> 1.928472 | P150: =F150+J150+N150 -> 3500 | Q150: =P150/1000 -> 3.5 | R150: =MAX(Q150,O150) -> 3.5 | S150: =VLOOKUP(A150,[1]Index!$E:$M,8,) -> 1429.1156 | T150: =S150-P150 -> -2070.8844 | U150: =T150/S150 -> -1.449067 | V150: =(((C150*D150*E150)+(G150*H150*I150)+(K150*L150*M150))/1000000)*35.32 -> 0.321412 | W150: =Q150/V150 -> 10.88945 | X150: ok
A151: TU-LE | B151: SB | C151: 125 | D151: 42 | E151: 8 | F151: 16900 | O151: =V151*$O$2 -> 8.90064 | P151: =F151+J151+N151 -> 16900 | Q151: =P151/1000 -> 16.9 | R151: =MAX(Q151,O151) -> 16.9 | S151: =VLOOKUP(A151,[1]Index!$E:$M,8,) -> 16103.084 | T151: =S151-P151 -> -796.91601 | U151: =T151/S151 -> -0.049488409 | V151: =(((C151*D151*E151)+(G151*H151*I151)+(K151*L151*M151))/1000000)*35.32 -> 1.48344 | W151: =Q151/V151 -> 11.392439 | X151: phy. not avilable
A152: TU-MA-LA | B152: SB | C152: 96 | D152: 30 | E152: 4 | F152: 5200 | O152: =V152*$O$2 -> 2.4413184 | P152: =F152+J152+N152 -> 5200 | Q152: =P152/1000 -> 5.2 | R152: =MAX(Q152,O152) -> 5.2 | S152: =VLOOKUP(A152,[1]Index!$E:$M,8,) -> 5448 | T152: =S152-P152 -> 248 | U152: =T152/S152 -> 0.045521292 | V152: =(((C152*D152*E152)+(G152*H152*I152)+(K152*L152*M152))/1000000)*35.32 -> 0.4068864 | W152: =Q152/V152 -> 12.77998 | X152: ok
A153: TU-MA-ST | B153: SB | C153: 67 | D153: 29 | E153: 4 | F153: 3200 | O153: =V153*$O$2 -> 1.6470422 | P153: =F153+J153+N153 -> 3200 | Q153: =P153/1000 -> 3.2 | R153: =MAX(Q153,O153) -> 3.2 | S153: =VLOOKUP(A153,[1]Index!$E:$M,8,) -> 4182 | T153: =S153-P153 -> 982 | U153: =T153/S153 -> 0.23481588 | V153: =(((C153*D153*E153)+(G153*H153*I153)+(K153*L153*M153))/1000000)*35.32 -> 0.27450704 | W153: =Q153/V153 -> 11.65726 | X153: ok
A154: TU-MLE | B154: SB | C154: 125 | D154: 34 | E154: 6 | F154: 8750 | O154: =V154*$O$2 -> 5.40396 | P154: =F154+J154+N154 -> 8750 | Q154: =P154/1000 -> 8.75 | R154: =MAX(Q154,O154) -> 8.75 | S154: =VLOOKUP(A154,[1]Index!$E:$M,8,) -> 3700.9682 | T154: =S154-P154 -> -5049.0318 | U154: =T154/S154 -> -1.3642462 | V154: =(((C154*D154*E154)+(G154*H154*I154)+(K154*L154*M154))/1000000)*35.32 -> 0.90066 | W154: =Q154/V154 -> 9.7150978 | X154: phy. not avilable
A155: TU-NVH-M | B155: SB | C155: 127 | D155: 46 | E155: 7 | F155: 22400 | O155: =V155*$O$2 -> 8.6662565 | P155: =F155+J155+N155 -> 22400 | Q155: =P155/1000 -> 22.4 | R155: =MAX(Q155,O155) -> 22.4 | S155: =VLOOKUP(A155,[1]Index!$E:$M,8,) -> 20079.079 | T155: =S155-P155 -> -2320.9212 | U155: =T155/S155 -> -0.11558903 | V155: =(((C155*D155*E155)+(G155*H155*I155)+(K155*L155*M155))/1000000)*35.32 -> 1.4443761 | W155: =Q155/V155 -> 15.508426 | X155: phy. not avilable
A156: TU-OL | B156: SB | C156: 116 | D156: 9 | E156: 7 | F156: 12250 | O156: =V156*$O$2 -> 1.5487114 | P156: =F156+J156+N156 -> 12250 | Q156: =P156/1000 -> 12.25 | R156: =MAX(Q156,O156) -> 12.25 | S156: =VLOOKUP(A156,[1]Index!$E:$M,8,) -> 12126.539 | T156: =S156-P156 -> -123.46124 | U156: =T156/S156 -> -0.010181078 | V156: =(((C156*D156*E156)+(G156*H156*I156)+(K156*L156*M156))/1000000)*35.32 -> 0.25811856 | W156: =Q156/V156 -> 47.458811 | X156: ok
... A159: TU-PM-LA | B159: SB | C159: 164 | D159: 33 | E159: 6 | F159: 15600 | O159: =V159*$O$2 -> 6.8814662 | P159: =F159+J159+N159 -> 15600 | Q159: =P159/1000 -> 15.6 | R159: =MAX(Q159,O159) -> 15.6 | S159: =VLOOKUP(A159,[1]Index!$E:$M,8,) -> 15550.433 | T159: =S159-P159 -> -49.567144 | U159: =T159/S159 -> -0.0031875089 | V159: =(((C159*D159*E159)+(G159*H159*I159)+(K159*L159*M159))/1000000)*35.32 -> 1.146911 | W159: =Q159/V159 -> 13.601752 | X159: phy. not avilable
A160: TU-PMN-ST | B160: SB | O160: =V160*$O$2 -> 0 | P160: =F160+J160+N160 -> 0 | Q160: =P160/1000 -> 0 | R160: =MAX(Q160,O160) -> 0 | S160: =VLOOKUP(A160,[1]Index!$E:$M,8,) -> 15087.442 | T160: =S160-P160 -> 15087.442 | U160: =T160/S160 -> 1 | V160: =(((C160*D160*E160)+(G160*H160*I160)+(K160*L160*M160))/1000000)*35.32 -> 0 | W160: =Q160/V160 -> #DIV/0! | X160: phy. not avilable
A161: TU-PMP-L | B161: SB | C161: 164 | D161: 20 | E161: 9 | F161: 20600 | O161: =V161*$O$2 -> 6.2558784 | P161: =F161+J161+N161 -> 20600 | Q161: =P161/1000 -> 20.6 | R161: =MAX(Q161,O161) -> 20.6 | S161: =VLOOKUP(A161,[1]Index!$E:$M,8,) -> 18770.268 | T161: =S161-P161 -> -1829.732 | U161: =T161/S161 -> -0.097480333 | V161: =(((C161*D161*E161)+(G161*H161*I161)+(K161*L161*M161))/1000000)*35.32 -> 1.0426464 | W161: =Q161/V161 -> 19.757417 | X161: phy. not avilable
A162: TU-PMP-S | B162: SB | O162: =V162*$O$2 -> 0 | P162: =F162+J162+N162 -> 0 | Q162: =P162/1000 -> 0 | R162: =MAX(Q162,O162) -> 0 | S162: =VLOOKUP(A162,[1]Index!$E:$M,8,) -> 18534.572 | T162: =S162-P162 -> 18534.572 | U162: =T162/S162 -> 1 | V162: =(((C162*D162*E162)+(G162*H162*I162)+(K162*L162*M162))/1000000)*35.32 -> 0 | W162: =Q162/V162 -> #DIV/0! | X162: phy. not avilable
A163: TU-PMS-LA | B163: SB | C163: 165 | D163: 33 | E163: 5 | F163: 11750 | O163: =V163*$O$2 -> 5.769522 | P163: =F163+J163+N163 -> 11750 | Q163: =P163/1000 -> 11.75 | R163: =MAX(Q163,O163) -> 11.75 | S163: =VLOOKUP(A163,[1]Index!$E:$M,8,) -> 11078.008 | T163: =S163-P163 -> -671.99163 | U163: =T163/S163 -> -0.060659967 | V163: =(((C163*D163*E163)+(G163*H163*I163)+(K163*L163*M163))/1000000)*35.32 -> 0.961587 | W163: =Q163/V163 -> 12.219383 | X163: ok
A164: TU-PMS-ST | B164: SB | C164: 137 | D164: 30 | E164: 6 | F164: 8760 | O164: =V164*$O$2 -> 5.2259472 | P164: =F164+J164+N164 -> 8760 | Q164: =P164/1000 -> 8.76 | R164: =MAX(Q164,O164) -> 8.76 | S164: =VLOOKUP(A164,[1]Index!$E:$M,8,) -> 8735.3526 | T164: =S164-P164 -> -24.647433 | U164: =T164/S164 -> -0.0028215728 | V164: =(((C164*D164*E164)+(G164*H164*I164)+(K164*L164*M164))/1000000)*35.32 -> 0.8709912 | W164: =Q164/V164 -> 10.057507 | X164: ok
A165: TU-PM-ST | B165: SB | C165: 136 | D165: 33 | E165: 8 | F165: 12100 | O165: =V165*$O$2 -> 7.6087757 | P165: =F165+J165+N165 -> 12100 | Q165: =P165/1000 -> 12.1 | R165: =MAX(Q165,O165) -> 12.1 | S165: =VLOOKUP(A165,[1]Index!$E:$M,8,) -> 11839.264 | T165: =S165-P165 -> -260.7357 | U165: =T165/S165 -> -0.022022964 | V165: =(((C165*D165*E165)+(G165*H165*I165)+(K165*L165*M165))/1000000)*35.32 -> 1.2681293 | W165: =Q165/V165 -> 9.5416139 | X165: ok
A166: TU-PR | B166: SB | C166: 127 | D166: 30 | E166: 6 | F166: 8360 | O166: =V166*$O$2 -> 4.8444912 | P166: =F166+J166+N166 -> 8360 | Q166: =P166/1000 -> 8.36 | R166: =MAX(Q166,O166) -> 8.36 | S166: =VLOOKUP(A166,[1]Index!$E:$M,8,) -> 7098.1725 | T166: =S166-P166 -> -1261.8275 | U166: =T166/S166 -> -0.17776794 | V166: =(((C166*D166*E166)+(G166*H166*I166)+(K166*L166*M166))/1000000)*35.32 -> 0.8074152 | W166: =Q166/V166 -> 10.354029 | X166: ok
...

Sheet Audit VAR
A1: MANUAL ENTRIES HERE | C1: Box 1 Dimension Details | G1: Box 2 Dimension Details | K1: Box 3 Dimension Details | O1: Total Weight
C2: Long | D2: Med | E2: Smal | F2: Actual.Wht | G2: Long | H2: Med | I2: Smal | J2: Actual.Wht | K2: Long | L2: Med | M2: Smal | N2: Actual.Wht | O2: Actual.Wht | P2: Wht(Kgs) | Q2: CBN | R2: KG/CBN
A3: MTP SKU Code | B3: SB/MB | C3: Lcm | D3: Bcm | E3: Hcm | F3: PW(gm) | G3: Lcm | H3: Bcm | I3: Hcm | J3: PW(gm) | K3: Lcm | L3: Bcm | M3: Hcm | N3: PW(gm) | O3: Gms | P3: Kgs
A4: B-MLT-KT | B4: =VLOOKUP(A4,'Billing Dimensions'!A:B,2,FALSE) -> MB | C4: =VLOOKUP(A4,'Billing Dimensions'!$A:$N,3,FALSE)-VLOOKUP(A4,'Audit Dimensions'!$A:$N,3,FALSE) -> 1 | D4: =VLOOKUP(A4,'Billing Dimensions'!$A:$N,4,FALSE)-VLOOKUP(A4,'Audit Dimensions'!$A:$N,4,FALSE) -> 0 | E4: =VLOOKUP(A4,'Billing Dimensions'!$A:$N,5,FALSE)-VLOOKUP(A4,'Audit Dimensions'!$A:$N,5,FALSE) -> -1 | F4: =VLOOKUP(A4,'Billing Dimensions'!$A:$N,6,FALSE)-VLOOKUP(A4,'Audit Dimensions'!$A:$N,6,FALSE) -> -150 | G4: =VLOOKUP(A4,'Billing Dimensions'!$A:$N,7,FALSE)-VLOOKUP(A4,'Audit Dimensions'!$A:$N,7,FALSE) -> -4 | H4: =VLOOKUP(A4,'Billing Dimensions'!$A:$N,8,FALSE)-VLOOKUP(A4,'Audit Dimensions'!$A:$N,8,FALSE) -> 0 | I4: =VLOOKUP(A4,'Billing Dimensions'!$A:$N,9,FALSE)-VLOOKUP(A4,'Audit Dimensions'!$A:$N,9,FALSE) -> 1 | J4: =VLOOKUP(A4,'Billing Dimensions'!$A:$N,10,FALSE)-VLOOKUP(A4,'Audit Dimensions'!$A:$N,10,FALSE) -> -900 | K4: =VLOOKUP(A4,'Billing Dimensions'!$A:$N,11,FALSE)-VLOOKUP(A4,'Audit Dimensions'!$A:$N,11,FALSE) -> 5 | L4: =VLOOKUP(A4,'Billing Dimensions'!$A:$N,12,FALSE)-VLOOKUP(A4,'Audit Dimensions'!$A:$N,12,FALSE) -> 3 | M4: =VLOOKUP(A4,'Billing Dimensions'!$A:$N,13,FALSE)-VLOOKUP(A4,'Audit Dimensions'!$A:$N,13,FALSE) -> 1 | N4: =VLOOKUP(A4,'Billing Dimensions'!$A:$N,14,FALSE)-VLOOKUP(A4,'Audit Dimensions'!$A:$N,14,FALSE) -> 1650 | O4: =VLOOKUP(A4,'Billing Dimensions'!A:Q,16,FALSE)-VLOOKUP('Audit VAR'!A4,'Audit Dimensions'!A:P,16,FALSE) -> 600 | P4: =O4/1000 -> 0.6 | Q4: =(((C4*D4*E4)+(G4*H4*I4)+(K4*L4*M4))/1000000)*35.32 -> 0.0005298 | R4: =P4/Q4 -> 1132.5028
A5: B-MLT-QT | B5: =VLOOKUP(A5,'Billing Dimensions'!A:B,2,FALSE) -> MB | C5: =VLOOKUP(A5,'Billing Dimensions'!$A:$N,3,FALSE)-VLOOKUP(A5,'Audit Dimensions'!$A:$N,3,FALSE) -> -1 | D5: =VLOOKUP(A5,'Billing Dimensions'!$A:$N,4,FALSE)-VLOOKUP(A5,'Audit Dimensions'!$A:$N,4,FALSE) -> -1 | E5: =VLOOKUP(A5,'Billing Dimensions'!$A:$N,5,FALSE)-VLOOKUP(A5,'Audit Dimensions'!$A:$N,5,FALSE) -> 0 | F5: =VLOOKUP(A5,'Billing Dimensions'!$A:$N,6,FALSE)-VLOOKUP(A5,'Audit Dimensions'!$A:$N,6,FALSE) -> -1480 | G5: =VLOOKUP(A5,'Billing Dimensions'!$A:$N,7,FALSE)-VLOOKUP(A5,'Audit Dimensions'!$A:$N,7,FALSE) -> -2 | H5: =VLOOKUP(A5,'Billing Dimensions'!$A:$N,8,FALSE)-VLOOKUP(A5,'Audit Dimensions'!$A:$N,8,FALSE) -> 18 | I5: =VLOOKUP(A5,'Billing Dimensions'!$A:$N,9,FALSE)-VLOOKUP(A5,'Audit Dimensions'!$A:$N,9,FALSE) -> 1 | J5: =VLOOKUP(A5,'Billing Dimensions'!$A:$N,10,FALSE)-VLOOKUP(A5,'Audit Dimensions'!$A:$N,10,FALSE) -> 4700 | K5: =VLOOKUP(A5,'Billing Dimensions'!$A:$N,11,FALSE)-VLOOKUP(A5,'Audit Dimensions'!$A:$N,11,FALSE) -> 2 | L5: =VLOOKUP(A5,'Billing Dimensions'!$A:$N,12,FALSE)-VLOOKUP(A5,'Audit Dimensions'!$A:$N,12,FALSE) -> 1 | M5: =VLOOKUP(A5,'Billing Dimensions'!$A:$N,13,FALSE)-VLOOKUP(A5,'Audit Dimensions'!$A:$N,13,FALSE) -> 1 | N5: =VLOOKUP(A5,'Billing Dimensions'!$A:$N,14,FALSE)-VLOOKUP(A5,'Audit Dimensions'!$A:$N,14,FALSE) -> -2750 | O5: =VLOOKUP(A5,'Billing Dimensions'!A:Q,16,FALSE)-VLOOKUP('Audit VAR'!A5,'Audit Dimensions'!A:P,16,FALSE) -> 470 | P5: =O5/1000 -> 0.47 | Q5: =(((C5*D5*E5)+(G5*H5*I5)+(K5*L5*M5))/1000000)*35.32 -> -0.00120088 | R5: =P5/Q5 -> -391.37965
A6: B-POL-KN | B6: =VLOOKUP(A6,'Billing Dimensions'!A:B,2,FALSE) -> MB | C6: =VLOOKUP(A6,'Billing Dimensions'!$A:$N,3,FALSE)-VLOOKUP(A6,'Audit Dimensions'!$A:$N,3,FALSE) -> 205 | D6: =VLOOKUP(A6,'Billing Dimensions'!$A:$N,4,FALSE)-VLOOKUP(A6,'Audit Dimensions'!$A:$N,4,FALSE) -> 54 | E6: =VLOOKUP(A6,'Billing Dimensions'!$A:$N,5,FALSE)-VLOOKUP(A6,'Audit Dimensions'!$A:$N,5,FALSE) -> 10 | F6: =VLOOKUP(A6,'Billing Dimensions'!$A:$N,6,FALSE)-VLOOKUP(A6,'Audit Dimensions'!$A:$N,6,FALSE) -> 35000 | G6: =VLOOKUP(A6,'Billing Dimensions'!$A:$N,7,FALSE)-VLOOKUP(A6,'Audit Dimensions'!$A:$N,7,FALSE) -> 105 | H6: =VLOOKUP(A6,'Billing Dimensions'!$A:$N,8,FALSE)-VLOOKUP(A6,'Audit Dimensions'!$A:$N,8,FALSE) -> 94 | I6: =VLOOKUP(A6,'Billing Dimensions'!$A:$N,9,FALSE)-VLOOKUP(A6,'Audit Dimensions'!$A:$N,9,FALSE) -> 5 | J6: =VLOOKUP(A6,'Billing Dimensions'!$A:$N,10,FALSE)-VLOOKUP(A6,'Audit Dimensions'!$A:$N,10,FALSE) -> 35000 | K6: =VLOOKUP(A6,'Billing Dimensions'!$A:$N,11,FALSE)-VLOOKUP(A6,'Audit Dimensions'!$A:$N,11,FALSE) -> 0 | L6: =VLOOKUP(A6,'Billing Dimensions'!$A:$N,12,FALSE)-VLOOKUP(A6,'Audit Dimensions'!$A:$N,12,FALSE) -> 0 | M6: =VLOOKUP(A6,'Billing Dimensions'!$A:$N,13,FALSE)-VLOOKUP(A6,'Audit Dimensions'!$A:$N,13,FALSE) -> 0 | N6: =VLOOKUP(A6,'Billing Dimensions'!$A:$N,14,FALSE)-VLOOKUP(A6,'Audit Dimensions'!$A:$N,14,FALSE) -> 0 | O6: =VLOOKUP(A6,'Billing Dimensions'!A:Q,16,FALSE)-VLOOKUP('Audit VAR'!A6,'Audit Dimensions'!A:P,16,FALSE) -> 70000 | P6: =O6/1000 -> 70 | Q6: =(((C6*D6*E6)+(G6*H6*I6)+(K6*L6*M6))/1000000)*35.32 -> 5.652966 | R6: =P6/Q6 -> 12.38288
A7: B-POL-KT | B7: =VLOOKUP(A7,'Billing Dimensions'!A:B,2,FALSE) -> MB | C7: =VLOOKUP(A7,'Billing Dimensions'!$A:$N,3,FALSE)-VLOOKUP(A7,'Audit Dimensions'!$A:$N,3,FALSE) -> 1 | D7: =VLOOKUP(A7,'Billing Dimensions'!$A:$N,4,FALSE)-VLOOKUP(A7,'Audit Dimensions'!$A:$N,4,FALSE) -> -2 | E7: =VLOOKUP(A7,'Billing Dimensions'!$A:$N,5,FALSE)-VLOOKUP(A7,'Audit Dimensions'!$A:$N,5,FALSE) -> 1 | F7: =VLOOKUP(A7,'Billing Dimensions'!$A:$N,6,FALSE)-VLOOKUP(A7,'Audit Dimensions'!$A:$N,6,FALSE) -> -1300 | G7: =VLOOKUP(A7,'Billing Dimensions'!$A:$N,7,FALSE)-VLOOKUP(A7,'Audit Dimensions'!$A:$N,7,FALSE) -> 43 | H7: =VLOOKUP(A7,'Billing Dimensions'!$A:$N,8,FALSE)-VLOOKUP(A7,'Audit Dimensions'!$A:$N,8,FALSE) -> 0 | I7: =VLOOKUP(A7,'Billing Dimensions'!$A:$N,9,FALSE)-VLOOKUP(A7,'Audit Dimensions'!$A:$N,9,FALSE) -> 0 | J7: =VLOOKUP(A7,'Billing Dimensions'!$A:$N,10,FALSE)-VLOOKUP(A7,'Audit Dimensions'!$A:$N,10,FALSE) -> -900 | K7: =VLOOKUP(A7,'Billing Dimensions'!$A:$N,11,FALSE)-VLOOKUP(A7,'Audit Dimensions'!$A:$N,11,FALSE) -> 1 | L7: =VLOOKUP(A7,'Billing Dimensions'!$A:$N,12,FALSE)-VLOOKUP(A7,'Audit Dimensions'!$A:$N,12,FALSE) -> 17 | M7: =VLOOKUP(A7,'Billing Dimensions'!$A:$N,13,FALSE)-VLOOKUP(A7,'Audit Dimensions'!$A:$N,13,FALSE) -> 0 | N7: =VLOOKUP(A7,'Billing Dimensions'!$A:$N,14,FALSE)-VLOOKUP(A7,'Audit Dimensions'!$A:$N,14,FALSE) -> 1340 | O7: =VLOOKUP(A7,'Billing Dimensions'!A:Q,16,FALSE)-VLOOKUP('Audit VAR'!A7,'Audit Dimensions'!A:P,16,FALSE) -> -860 | P7: =O7/1000 -> -0.86 | Q7: =(((C7*D7*E7)+(G7*H7*I7)+(K7*L7*M7))/1000000)*35.32 -> -7.064e-05 | R7: =P7/Q7 -> 12174.405
A8: B-POL-QN | B8: =VLOOKUP(A8,'Billing Dimensions'!A:B,2,FALSE) -> MB | C8: =VLOOKUP(A8,'Billing Dimensions'!$A:$N,3,FALSE)-VLOOKUP(A8,'Audit Dimensions'!$A:$N,3,FALSE) -> 206 | D8: =VLOOKUP(A8,'Billing Dimensions'!$A:$N,4,FALSE)-VLOOKUP(A8,'Audit Dimensions'!$A:$N,4,FALSE) -> 50 | E8: =VLOOKUP(A8,'Billing Dimensions'!$A:$N,5,FALSE)-VLOOKUP(A8,'Audit Dimensions'!$A:$N,5,FALSE) -> 10 | F8: =VLOOKUP(A8,'Billing Dimensions'!$A:$N,6,FALSE)-VLOOKUP(A8,'Audit Dimensions'!$A:$N,6,FALSE) -> 46000 | G8: =VLOOKUP(A8,'Billing Dimensions'!$A:$N,7,FALSE)-VLOOKUP(A8,'Audit Dimensions'!$A:$N,7,FALSE) -> 102 | H8: =VLOOKUP(A8,'Billing Dimensions'!$A:$N,8,FALSE)-VLOOKUP(A8,'Audit Dimensions'!$A:$N,8,FALSE) -> 79 | I8: =VLOOKUP(A8,'Billing Dimensions'!$A:$N,9,FALSE)-VLOOKUP(A8,'Audit Dimensions'!$A:$N,9,FALSE) -> 5 | J8: =VLOOKUP(A8,'Billing Dimensions'!$A:$N,10,FALSE)-VLOOKUP(A8,'Audit Dimensions'!$A:$N,10,FALSE) -> 24000 | K8: =VLOOKUP(A8,'Billing Dimensions'!$A:$N,11,FALSE)-VLOOKUP(A8,'Audit Dimensions'!$A:$N,11,FALSE) -> 0 | L8: =VLOOKUP(A8,'Billing Dimensions'!$A:$N,12,FALSE)-VLOOKUP(A8,'Audit Dimensions'!$A:$N,12,FALSE) -> 0 | M8: =VLOOKUP(A8,'Billing Dimensions'!$A:$N,13,FALSE)-VLOOKUP(A8,'Audit Dimensions'!$A:$N,13,FALSE) -> 0 | N8: =VLOOKUP(A8,'Billing Dimensions'!$A:$N,14,FALSE)-VLOOKUP(A8,'Audit Dimensions'!$A:$N,14,FALSE) -> 0 | O8: =VLOOKUP(A8,'Billing Dimensions'!A:Q,16,FALSE)-VLOOKUP('Audit VAR'!A8,'Audit Dimensions'!A:P,16,FALSE) -> 70000 | P8: =O8/1000 -> 70 | Q8: =(((C8*D8*E8)+(G8*H8*I8)+(K8*L8*M8))/1000000)*35.32 -> 5.0610028 | R8: =P8/Q8 -> 13.831251
A9: B-POL-QT | B9: =VLOOKUP(A9,'Billing Dimensions'!A:B,2,FALSE) -> MB | C9: =VLOOKUP(A9,'Billing Dimensions'!$A:$N,3,FALSE)-VLOOKUP(A9,'Audit Dimensions'!$A:$N,3,FALSE) -> -6 | D9: =VLOOKUP(A9,'Billing Dimensions'!$A:$N,4,FALSE)-VLOOKUP(A9,'Audit Dimensions'!$A:$N,4,FALSE) -> -9 | E9: =VLOOKUP(A9,'Billing Dimensions'!$A:$N,5,FALSE)-VLOOKUP(A9,'Audit Dimensions'!$A:$N,5,FALSE) -> 2 | F9: =VLOOKUP(A9,'Billing Dimensions'!$A:$N,6,FALSE)-VLOOKUP(A9,'Audit Dimensions'!$A:$N,6,FALSE) -> 490 | G9: =VLOOKUP(A9,'Billing Dimensions'!$A:$N,7,FALSE)-VLOOKUP(A9,'Audit Dimensions'!$A:$N,7,FALSE) -> -1 | H9: =VLOOKUP(A9,'Billing Dimensions'!$A:$N,8,FALSE)-VLOOKUP(A9,'Audit Dimensions'!$A:$N,8,FALSE) -> 0 | I9: =VLOOKUP(A9,'Billing Dimensions'!$A:$N,9,FALSE)-VLOOKUP(A9,'Audit Dimensions'!$A:$N,9,FALSE) -> 0 | J9: =VLOOKUP(A9,'Billing Dimensions'!$A:$N,10,FALSE)-VLOOKUP(A9,'Audit Dimensions'!$A:$N,10,FALSE) -> -1750 | K9: =VLOOKUP(A9,'Billing Dimensions'!$A:$N,11,FALSE)-VLOOKUP(A9,'Audit Dimensions'!$A:$N,11,FALSE) -> 3 | L9: =VLOOKUP(A9,'Billing Dimensions'!$A:$N,12,FALSE)-VLOOKUP(A9,'Audit Dimensions'!$A:$N,12,FALSE) -> 2 | M9: =VLOOKUP(A9,'Billing Dimensions'!$A:$N,13,FALSE)-VLOOKUP(A9,'Audit Dimensions'!$A:$N,13,FALSE) -> 1 | N9: =VLOOKUP(A9,'Billing Dimensions'!$A:$N,14,FALSE)-VLOOKUP(A9,'Audit Dimensions'!$A:$N,14,FALSE) -> 400 | O9: =VLOOKUP(A9,'Billing Dimensions'!A:Q,16,FALSE)-VLOOKUP('Audit VAR'!A9,'Audit Dimensions'!A:P,16,FALSE) -> -860 | P9: =O9/1000 -> -0.86 | Q9: =(((C9*D9*E9)+(G9*H9*I9)+(K9*L9*M9))/1000000)*35.32 -> 0.00402648 | R9: =P9/Q9 -> -213.58606
A10: B-POL-SN | B10: =VLOOKUP(A10,'Billing Dimensions'!A:B,2,FALSE) -> MB | C10: =VLOOKUP(A10,'Billing Dimensions'!$A:$N,3,FALSE)-VLOOKUP(A10,'Audit Dimensions'!$A:$N,3,FALSE) -> -2 | D10: =VLOOKUP(A10,'Billing Dimensions'!$A:$N,4,FALSE)-VLOOKUP(A10,'Audit Dimensions'!$A:$N,4,FALSE) -> 0 | E10: =VLOOKUP(A10,'Billing Dimensions'!$A:$N,5,FALSE)-VLOOKUP(A10,'Audit Dimensions'!$A:$N,5,FALSE) -> 0 | F10: =VLOOKUP(A10,'Billing Dimensions'!$A:$N,6,FALSE)-VLOOKUP(A10,'Audit Dimensions'!$A:$N,6,FALSE) -> -2550 | G10: =VLOOKUP(A10,'Billing Dimensions'!$A:$N,7,FALSE)-VLOOKUP(A10,'Audit Dimensions'!$A:$N,7,FALSE) -> 1 | H10: =VLOOKUP(A10,'Billing Dimensions'!$A:$N,8,FALSE)-VLOOKUP(A10,'Audit Dimensions'!$A:$N,8,FALSE) -> -1 | I10: =VLOOKUP(A10,'Billing Dimensions'!$A:$N,9,FALSE)-VLOOKUP(A10,'Audit Dimensions'!$A:$N,9,FALSE) -> 0 | J10: =VLOOKUP(A10,'Billing Dimensions'!$A:$N,10,FALSE)-VLOOKUP(A10,'Audit Dimensions'!$A:$N,10,FALSE) -> 300 | K10: =VLOOKUP(A10,'Billing Dimensions'!$A:$N,11,FALSE)-VLOOKUP(A10,'Audit Dimensions'!$A:$N,11,FALSE) -> 0 | L10: =VLOOKUP(A10,'Billing Dimensions'!$A:$N,12,FALSE)-VLOOKUP(A10,'Audit Dimensions'!$A:$N,12,FALSE) -> 0 | M10: =VLOOKUP(A10,'Billing Dimensions'!$A:$N,13,FALSE)-VLOOKUP(A10,'Audit Dimensions'!$A:$N,13,FALSE) -> 0 | N10: =VLOOKUP(A10,'Billing Dimensions'!$A:$N,14,FALSE)-VLOOKUP(A10,'Audit Dimensions'!$A:$N,14,FALSE) -> 0 | O10: =VLOOKUP(A10,'Billing Dimensions'!A:Q,16,FALSE)-VLOOKUP('Audit VAR'!A10,'Audit Dimensions'!A:P,16,FALSE) -> -2250 | P10: =O10/1000 -> -2.25 | Q10: =(((C10*D10*E10)+(G10*H10*I10)+(K10*L10*M10))/1000000)*35.32 -> 0 | R10: =P10/Q10 -> #DIV/0!
A11: B-RVB-KN | B11: =VLOOKUP(A11,'Billing Dimensions'!A:B,2,FALSE) -> MB | C11: =VLOOKUP(A11,'Billing Dimensions'!$A:$N,3,FALSE)-VLOOKUP(A11,'Audit Dimensions'!$A:$N,3,FALSE) -> -1 | D11: =VLOOKUP(A11,'Billing Dimensions'!$A:$N,4,FALSE)-VLOOKUP(A11,'Audit Dimensions'!$A:$N,4,FALSE) -> 0 | E11: =VLOOKUP(A11,'Billing Dimensions'!$A:$N,5,FALSE)-VLOOKUP(A11,'Audit Dimensions'!$A:$N,5,FALSE) -> 0 | F11: =VLOOKUP(A11,'Billing Dimensions'!$A:$N,6,FALSE)-VLOOKUP(A11,'Audit Dimensions'!$A:$N,6,FALSE) -> -800 | G11: =VLOOKUP(A11,'Billing Dimensions'!$A:$N,7,FALSE)-VLOOKUP(A11,'Audit Dimensions'!$A:$N,7,FALSE) -> -1 | H11: =VLOOKUP(A11,'Billing Dimensions'!$A:$N,8,FALSE)-VLOOKUP(A11,'Audit Dimensions'!$A:$N,8,FALSE) -> -2 | I11: =VLOOKUP(A11,'Billing Dimensions'!$A:$N,9,FALSE)-VLOOKUP(A11,'Audit Dimensions'!$A:$N,9,FALSE) -> 0 | J11: =VLOOKUP(A11,'Billing Dimensions'!$A:$N,10,FALSE)-VLOOKUP(A11,'Audit Dimensions'!$A:$N,10,FALSE) -> -2250 | K11: =VLOOKUP(A11,'Billing Dimensions'!$A:$N,11,FALSE)-VLOOKUP(A11,'Audit Dimensions'!$A:$N,11,FALSE) -> 0 | L11: =VLOOKUP(A11,'Billing Dimensions'!$A:$N,12,FALSE)-VLOOKUP(A11,'Audit Dimensions'!$A:$N,12,FALSE) -> 0 | M11: =VLOOKUP(A11,'Billing Dimensions'!$A:$N,13,FALSE)-VLOOKUP(A11,'Audit Dimensions'!$A:$N,13,FALSE) -> 0 | N11: =VLOOKUP(A11,'Billing Dimensions'!$A:$N,14,FALSE)-VLOOKUP(A11,'Audit Dimensions'!$A:$N,14,FALSE) -> 0 | O11: =VLOOKUP(A11,'Billing Dimensions'!A:Q,16,FALSE)-VLOOKUP('Audit VAR'!A11,'Audit Dimensions'!A:P,16,FALSE) -> -3050 | P11: =O11/1000 -> -3.05 | Q11: =(((C11*D11*E11)+(G11*H11*I11)+(K11*L11*M11))/1000000)*35.32 -> 0 | R11: =P11/Q11 -> #DIV/0!
A12: B-RVB-QN | B12: =VLOOKUP(A12,'Billing Dimensions'!A:B,2,FALSE) -> MB | C12: =VLOOKUP(A12,'Billing Dimensions'!$A:$N,3,FALSE)-VLOOKUP(A12,'Audit Dimensions'!$A:$N,3,FALSE) -> -2 | D12: =VLOOKUP(A12,'Billing Dimensions'!$A:$N,4,FALSE)-VLOOKUP(A12,'Audit Dimensions'!$A:$N,4,FALSE) -> -1 | E12: =VLOOKUP(A12,'Billing Dimensions'!$A:$N,5,FALSE)-VLOOKUP(A12,'Audit Dimensions'!$A:$N,5,FALSE) -> 0 | F12: =VLOOKUP(A12,'Billing Dimensions'!$A:$N,6,FALSE)-VLOOKUP(A12,'Audit Dimensions'!$A:$N,6,FALSE) -> -650 | G12: =VLOOKUP(A12,'Billing Dimensions'!$A:$N,7,FALSE)-VLOOKUP(A12,'Audit Dimensions'!$A:$N,7,FALSE) -> -3 | H12: =VLOOKUP(A12,'Billing Dimensions'!$A:$N,8,FALSE)-VLOOKUP(A12,'Audit Dimensions'!$A:$N,8,FALSE) -> 4 | I12: =VLOOKUP(A12,'Billing Dimensions'!$A:$N,9,FALSE)-VLOOKUP(A12,'Audit Dimensions'!$A:$N,9,FALSE) -> 0 | J12: =VLOOKUP(A12,'Billing Dimensions'!$A:$N,10,FALSE)-VLOOKUP(A12,'Audit Dimensions'!$A:$N,10,FALSE) -> -30900 | K12: =VLOOKUP(A12,'Billing Dimensions'!$A:$N,11,FALSE)-VLOOKUP(A12,'Audit Dimensions'!$A:$N,11,FALSE) -> 0 | L12: =VLOOKUP(A12,'Billing Dimensions'!$A:$N,12,FALSE)-VLOOKUP(A12,'Audit Dimensions'!$A:$N,12,FALSE) -> 0 | M12: =VLOOKUP(A12,'Billing Dimensions'!$A:$N,13,FALSE)-VLOOKUP(A12,'Audit Dimensions'!$A:$N,13,FALSE) -> 0 | N12: =VLOOKUP(A12,'Billing Dimensions'!$A:$N,14,FALSE)-VLOOKUP(A12,'Audit Dimensions'!$A:$N,14,FALSE) -> 0 | O12: =VLOOKUP(A12,'Billing Dimensions'!A:Q,16,FALSE)-VLOOKUP('Audit VAR'!A12,'Audit Dimensions'!A:P,16,FALSE) -> -31550 | P12: =O12/1000 -> -31.55 | Q12: =(((C12*D12*E12)+(G12*H12*I12)+(K12*L12*M12))/1000000)*35.32 -> 0 | R12: =P12/Q12 -> #DIV/0!
A13: B-RVB-SN | B13: =VLOOKUP(A13,'Billing Dimensions'!A:B,2,FALSE) -> MB | C13: =VLOOKUP(A13,'Billing Dimensions'!$A:$N,3,FALSE)-VLOOKUP(A13,'Audit Dimensions'!$A:$N,3,FALSE) -> 79 | D13: =VLOOKUP(A13,'Billing Dimensions'!$A:$N,4,FALSE)-VLOOKUP(A13,'Audit Dimensions'!$A:$N,4,FALSE) -> -1 | E13: =VLOOKUP(A13,'Billing Dimensions'!$A:$N,5,FALSE)-VLOOKUP(A13,'Audit Dimensions'!$A:$N,5,FALSE) -> 1 | F13: =VLOOKUP(A13,'Billing Dimensions'!$A:$N,6,FALSE)-VLOOKUP(A13,'Audit Dimensions'!$A:$N,6,FALSE) -> -2540 | G13: =VLOOKUP(A13,'Billing Dimensions'!$A:$N,7,FALSE)-VLOOKUP(A13,'Audit Dimensions'!$A:$N,7,FALSE) -> 2 | H13: =VLOOKUP(A13,'Billing Dimensions'!$A:$N,8,FALSE)-VLOOKUP(A13,'Audit Dimensions'!$A:$N,8,FALSE) -> -2 | I13: =VLOOKUP(A13,'Billing Dimensions'!$A:$N,9,FALSE)-VLOOKUP(A13,'Audit Dimensions'!$A:$N,9,FALSE) -> 0 | J13: =VLOOKUP(A13,'Billing Dimensions'!$A:$N,10,FALSE)-VLOOKUP(A13,'Audit Dimensions'!$A:$N,10,FALSE) -> 1100 | K13: =VLOOKUP(A13,'Billing Dimensions'!$A:$N,11,FALSE)-VLOOKUP(A13,'Audit Dimensions'!$A:$N,11,FALSE) -> 0 | L13: =VLOOKUP(A13,'Billing Dimensions'!$A:$N,12,FALSE)-VLOOKUP(A13,'Audit Dimensions'!$A:$N,12,FALSE) -> 0 | M13: =VLOOKUP(A13,'Billing Dimensions'!$A:$N,13,FALSE)-VLOOKUP(A13,'Audit Dimensions'!$A:$N,13,FALSE) -> 0 | N13: =VLOOKUP(A13,'Billing Dimensions'!$A:$N,14,FALSE)-VLOOKUP(A13,'Audit Dimensions'!$A:$N,14,FALSE) -> 0 | O13: =VLOOKUP(A13,'Billing Dimensions'!A:Q,16,FALSE)-VLOOKUP('Audit VAR'!A13,'Audit Dimensions'!A:P,16,FALSE) -> -1440 | P13: =O13/1000 -> -1.44 | Q13: =(((C13*D13*E13)+(G13*H13*I13)+(K13*L13*M13))/1000000)*35.32 -> -0.00279028 | R13: =P13/Q13 -> 516.07724
A14: B-RVB-D36N | B14: =VLOOKUP(A14,'Billing Dimensions'!A:B,2,FALSE) -> SB | C14: =VLOOKUP(A14,'Billing Dimensions'!$A:$N,3,FALSE)-VLOOKUP(A14,'Audit Dimensions'!$A:$N,3,FALSE) -> 0 | D14: =VLOOKUP(A14,'Billing Dimensions'!$A:$N,4,FALSE)-VLOOKUP(A14,'Audit Dimensions'!$A:$N,4,FALSE) -> 0 | E14: =VLOOKUP(A14,'Billing Dimensions'!$A:$N,5,FALSE)-VLOOKUP(A14,'Audit Dimensions'!$A:$N,5,FALSE) -> 0 | F14: =VLOOKUP(A14,'Billing Dimensions'!$A:$N,6,FALSE)-VLOOKUP(A14,'Audit Dimensions'!$A:$N,6,FALSE) -> -4030 | G14: =VLOOKUP(A14,'Billing Dimensions'!$A:$N,7,FALSE)-VLOOKUP(A14,'Audit Dimensions'!$A:$N,7,FALSE) -> 0 | H14: =VLOOKUP(A14,'Billing Dimensions'!$A:$N,8,FALSE)-VLOOKUP(A14,'Audit Dimensions'!$A:$N,8,FALSE) -> 0 | I14: =VLOOKUP(A14,'Billing Dimensions'!$A:$N,9,FALSE)-VLOOKUP(A14,'Audit Dimensions'!$A:$N,9,FALSE) -> 0 | J14: =VLOOKUP(A14,'Billing Dimensions'!$A:$N,10,FALSE)-VLOOKUP(A14,'Audit Dimensions'!$A:$N,10,FALSE) -> 0 | K14: =VLOOKUP(A14,'Billing Dimensions'!$A:$N,11,FALSE)-VLOOKUP(A14,'Audit Dimensions'!$A:$N,11,FALSE) -> 0 | L14: =VLOOKUP(A14,'Billing Dimensions'!$A:$N,12,FALSE)-VLOOKUP(A14,'Audit Dimensions'!$A:$N,12,FALSE) -> 0 | M14: =VLOOKUP(A14,'Billing Dimensions'!$A:$N,13,FALSE)-VLOOKUP(A14,'Audit Dimensions'!$A:$N,13,FALSE) -> 0 | N14: =VLOOKUP(A14,'Billing Dimensions'!$A:$N,14,FALSE)-VLOOKUP(A14,'Audit Dimensions'!$A:$N,14,FALSE) -> 0 | O14: =VLOOKUP(A14,'Billing Dimensions'!A:Q,16,FALSE)-VLOOKUP('Audit VAR'!A14,'Audit Dimensions'!A:P,16,FALSE) -> -4030 | P14: =O14/1000 -> -4.03 | Q14: =(((C14*D14*E14)+(G14*H14*I14)+(K14*L14*M14))/1000000)*35.32 -> 0 | R14: =P14/Q14 -> #DIV/0!
A15: BT-CO | B15: =VLOOKUP(A15,'Billing Dimensions'!A:B,2,FALSE) -> SB | C15: =VLOOKUP(A15,'Billing Dimensions'!$A:$N,3,FALSE)-VLOOKUP(A15,'Audit Dimensions'!$A:$N,3,FALSE) -> -2 | D15: =VLOOKUP(A15,'Billing Dimensions'!$A:$N,4,FALSE)-VLOOKUP(A15,'Audit Dimensions'!$A:$N,4,FALSE) -> -1 | E15: =VLOOKUP(A15,'Billing Dimensions'!$A:$N,5,FALSE)-VLOOKUP(A15,'Audit Dimensions'!$A:$N,5,FALSE) -> -1 | F15: =VLOOKUP(A15,'Billing Dimensions'!$A:$N,6,FALSE)-VLOOKUP(A15,'Audit Dimensions'!$A:$N,6,FALSE) -> -130 | G15: =VLOOKUP(A15,'Billing Dimensions'!$A:$N,7,FALSE)-VLOOKUP(A15,'Audit Dimensions'!$A:$N,7,FALSE) -> 0 | H15: =VLOOKUP(A15,'Billing Dimensions'!$A:$N,8,FALSE)-VLOOKUP(A15,'Audit Dimensions'!$A:$N,8,FALSE) -> 0 | I15: =VLOOKUP(A15,'Billing Dimensions'!$A:$N,9,FALSE)-VLOOKUP(A15,'Audit Dimensions'!$A:$N,9,FALSE) -> 0 | J15: =VLOOKUP(A15,'Billing Dimensions'!$A:$N,10,FALSE)-VLOOKUP(A15,'Audit Dimensions'!$A:$N,10,FALSE) -> 0 | K15: =VLOOKUP(A15,'Billing Dimensions'!$A:$N,11,FALSE)-VLOOKUP(A15,'Audit Dimensions'!$A:$N,11,FALSE) -> 0 | L15: =VLOOKUP(A15,'Billing Dimensions'!$A:$N,12,FALSE)-VLOOKUP(A15,'Audit Dimensions'!$A:$N,12,FALSE) -> 0 | M15: =VLOOKUP(A15,'Billing Dimensions'!$A:$N,13,FALSE)-VLOOKUP(A15,'Audit Dimensions'!$A:$N,13,FALSE) -> 0 | N15: =VLOOKUP(A15,'Billing Dimensions'!$A:$N,14,FALSE)-VLOOKUP(A15,'Audit Dimensions'!$A:$N,14,FALSE) -> 0 | O15: =VLOOKUP(A15,'Billing Dimensions'!A:Q,16,FALSE)-VLOOKUP('Audit VAR'!A15,'Audit Dimensions'!A:P,16,FALSE) -> -130 | P15: =O15/1000 -> -0.13 | Q15: =(((C15*D15*E15)+(G15*H15*I15)+(K15*L15*M15))/1000000)*35.32 -> -7.064e-05 | R15: =P15/Q15 -> 1840.3171
... A270: TU-BKMT | B270: =VLOOKUP(A270,'Billing Dimensions'!A:B,2,FALSE) -> SB | C270: =VLOOKUP(A270,'Billing Dimensions'!$A:$N,3,FALSE)-VLOOKUP(A270,'Audit Dimensions'!$A:$N,3,FALSE) -> #N/A | D270: =VLOOKUP(A270,'Billing Dimensions'!$A:$N,4,FALSE)-VLOOKUP(A270,'Audit Dimensions'!$A:$N,4,FALSE) -> #N/A | E270: =VLOOKUP(A270,'Billing Dimensions'!$A:$N,5,FALSE)-VLOOKUP(A270,'Audit Dimensions'!$A:$N,5,FALSE) -> #N/A | F270: =VLOOKUP(A270,'Billing Dimensions'!$A:$N,6,FALSE)-VLOOKUP(A270,'Audit Dimensions'!$A:$N,6,FALSE) -> #N/A | G270: =VLOOKUP(A270,'Billing Dimensions'!$A:$N,7,FALSE)-VLOOKUP(A270,'Audit Dimensions'!$A:$N,7,FALSE) -> #N/A | H270: =VLOOKUP(A270,'Billing Dimensions'!$A:$N,8,FALSE)-VLOOKUP(A270,'Audit Dimensions'!$A:$N,8,FALSE) -> #N/A | I270: =VLOOKUP(A270,'Billing Dimensions'!$A:$N,9,FALSE)-VLOOKUP(A270,'Audit Dimensions'!$A:$N,9,FALSE) -> #N/A | J270: =VLOOKUP(A270,'Billing Dimensions'!$A:$N,10,FALSE)-VLOOKUP(A270,'Audit Dimensions'!$A:$N,10,FALSE) -> #N/A | K270: =VLOOKUP(A270,'Billing Dimensions'!$A:$N,11,FALSE)-VLOOKUP(A270,'Audit Dimensions'!$A:$N,11,FALSE) -> #N/A | L270: =VLOOKUP(A270,'Billing Dimensions'!$A:$N,12,FALSE)-VLOOKUP(A270,'Audit Dimensions'!$A:$N,12,FALSE) -> #N/A | M270: =VLOOKUP(A270,'Billing Dimensions'!$A:$N,13,FALSE)-VLOOKUP(A270,'Audit Dimensions'!$A:$N,13,FALSE) -> #N/A | N270: =VLOOKUP(A270,'Billing Dimensions'!$A:$N,14,FALSE)-VLOOKUP(A270,'Audit Dimensions'!$A:$N,14,FALSE) -> #N/A | O270: =VLOOKUP(A270,'Billing Dimensions'!A:Q,16,FALSE)-VLOOKUP('Audit VAR'!A270,'Audit Dimensions'!A:P,16,FALSE) -> #N/A | P270: =O270/1000 -> #N/A | Q270: =(((C270*D270*E270)+(G270*H270*I270)+(K270*L270*M270))/1000000)*35.32 -> #N/A | R270: =P270/Q270 -> #N/A
A271: KH-TOC-18 | B271: SB | C271: 39 | D271: 30 | E271: 8 | F271: 3000 | G271: =VLOOKUP(A271,'Billing Dimensions'!$A:$N,7,FALSE)-VLOOKUP(A271,'Audit Dimensions'!$A:$N,7,FALSE) -> 0 | H271: =VLOOKUP(A271,'Billing Dimensions'!$A:$N,8,FALSE)-VLOOKUP(A271,'Audit Dimensions'!$A:$N,8,FALSE) -> 0 | I271: =VLOOKUP(A271,'Billing Dimensions'!$A:$N,9,FALSE)-VLOOKUP(A271,'Audit Dimensions'!$A:$N,9,FALSE) -> 0 | J271: =VLOOKUP(A271,'Billing Dimensions'!$A:$N,10,FALSE)-VLOOKUP(A271,'Audit Dimensions'!$A:$N,10,FALSE) -> 0 | K271: =VLOOKUP(A271,'Billing Dimensions'!$A:$N,11,FALSE)-VLOOKUP(A271,'Audit Dimensions'!$A:$N,11,FALSE) -> 0 | L271: =VLOOKUP(A271,'Billing Dimensions'!$A:$N,12,FALSE)-VLOOKUP(A271,'Audit Dimensions'!$A:$N,12,FALSE) -> 0 | M271: =VLOOKUP(A271,'Billing Dimensions'!$A:$N,13,FALSE)-VLOOKUP(A271,'Audit Dimensions'!$A:$N,13,FALSE) -> 0 | N271: =VLOOKUP(A271,'Billing Dimensions'!$A:$N,14,FALSE)-VLOOKUP(A271,'Audit Dimensions'!$A:$N,14,FALSE) -> 0 | O271: =VLOOKUP(A271,'Billing Dimensions'!A:Q,16,FALSE)-VLOOKUP('Audit VAR'!A271,'Audit Dimensions'!A:P,16,FALSE) -> -600 | P271: =O271/1000 -> -0.6 | Q271: =(((C271*D271*E271)+(G271*H271*I271)+(K271*L271*M271))/1000000)*35.32 -> 0.3305952 | R271: =P271/Q271 -> -1.8149084
A272: KH-TOC-40 | B272: SB | C272: 65 | D272: 35 | E272: 8 | F272: 5000 | G272: =VLOOKUP(A272,'Billing Dimensions'!$A:$N,7,FALSE)-VLOOKUP(A272,'Audit Dimensions'!$A:$N,7,FALSE) -> 0 | H272: =VLOOKUP(A272,'Billing Dimensions'!$A:$N,8,FALSE)-VLOOKUP(A272,'Audit Dimensions'!$A:$N,8,FALSE) -> 0 | I272: =VLOOKUP(A272,'Billing Dimensions'!$A:$N,9,FALSE)-VLOOKUP(A272,'Audit Dimensions'!$A:$N,9,FALSE) -> 0 | J272: =VLOOKUP(A272,'Billing Dimensions'!$A:$N,10,FALSE)-VLOOKUP(A272,'Audit Dimensions'!$A:$N,10,FALSE) -> 0 | K272: =VLOOKUP(A272,'Billing Dimensions'!$A:$N,11,FALSE)-VLOOKUP(A272,'Audit Dimensions'!$A:$N,11,FALSE) -> 0 | L272: =VLOOKUP(A272,'Billing Dimensions'!$A:$N,12,FALSE)-VLOOKUP(A272,'Audit Dimensions'!$A:$N,12,FALSE) -> 0 | M272: =VLOOKUP(A272,'Billing Dimensions'!$A:$N,13,FALSE)-VLOOKUP(A272,'Audit Dimensions'!$A:$N,13,FALSE) -> 0 | N272: =VLOOKUP(A272,'Billing Dimensions'!$A:$N,14,FALSE)-VLOOKUP(A272,'Audit Dimensions'!$A:$N,14,FALSE) -> 0 | O272: =VLOOKUP(A272,'Billing Dimensions'!A:Q,16,FALSE)-VLOOKUP('Audit VAR'!A272,'Audit Dimensions'!A:P,16,FALSE) -> 0 | P272: =O272/1000 -> 0 | Q272: =(((C272*D272*E272)+(G272*H272*I272)+(K272*L272*M272))/1000000)*35.32 -> 0.642824 | R272: =P272/Q272 -> 0
A273: SR-BKN-T | B273: SB | C273: 1 | D273: 1 | E273: 1 | F273: 37000 | G273: =VLOOKUP(A273,'Billing Dimensions'!$A:$N,7,FALSE)-VLOOKUP(A273,'Audit Dimensions'!$A:$N,7,FALSE) -> 0 | H273: =VLOOKUP(A273,'Billing Dimensions'!$A:$N,8,FALSE)-VLOOKUP(A273,'Audit Dimensions'!$A:$N,8,FALSE) -> 0 | I273: =VLOOKUP(A273,'Billing Dimensions'!$A:$N,9,FALSE)-VLOOKUP(A273,'Audit Dimensions'!$A:$N,9,FALSE) -> 0 | J273: =VLOOKUP(A273,'Billing Dimensions'!$A:$N,10,FALSE)-VLOOKUP(A273,'Audit Dimensions'!$A:$N,10,FALSE) -> 0 | K273: =VLOOKUP(A273,'Billing Dimensions'!$A:$N,11,FALSE)-VLOOKUP(A273,'Audit Dimensions'!$A:$N,11,FALSE) -> 0 | L273: =VLOOKUP(A273,'Billing Dimensions'!$A:$N,12,FALSE)-VLOOKUP(A273,'Audit Dimensions'!$A:$N,12,FALSE) -> 0 | M273: =VLOOKUP(A273,'Billing Dimensions'!$A:$N,13,FALSE)-VLOOKUP(A273,'Audit Dimensions'!$A:$N,13,FALSE) -> 0 | N273: =VLOOKUP(A273,'Billing Dimensions'!$A:$N,14,FALSE)-VLOOKUP(A273,'Audit Dimensions'!$A:$N,14,FALSE) -> 0 | O273: =VLOOKUP(A273,'Billing Dimensions'!A:Q,16,FALSE)-VLOOKUP('Audit VAR'!A273,'Audit Dimensions'!A:P,16,FALSE) -> 0 | P273: =O273/1000 -> 0 | Q273: =(((C273*D273*E273)+(G273*H273*I273)+(K273*L273*M273))/1000000)*35.32 -> 3.532e-05 | R273: =P273/Q273 -> 0
A274: TS-NL-ST | B274: SB | C274: 1 | D274: 1 | E274: 1 | F274: 1792 | G274: =VLOOKUP(A274,'Billing Dimensions'!$A:$N,7,FALSE)-VLOOKUP(A274,'Audit Dimensions'!$A:$N,7,FALSE) -> 0 | H274: =VLOOKUP(A274,'Billing Dimensions'!$A:$N,8,FALSE)-VLOOKUP(A274,'Audit Dimensions'!$A:$N,8,FALSE) -> 0 | I274: =VLOOKUP(A274,'Billing Dimensions'!$A:$N,9,FALSE)-VLOOKUP(A274,'Audit Dimensions'!$A:$N,9,FALSE) -> 0 | J274: =VLOOKUP(A274,'Billing Dimensions'!$A:$N,10,FALSE)-VLOOKUP(A274,'Audit Dimensions'!$A:$N,10,FALSE) -> 0 | K274: =VLOOKUP(A274,'Billing Dimensions'!$A:$N,11,FALSE)-VLOOKUP(A274,'Audit Dimensions'!$A:$N,11,FALSE) -> 0 | L274: =VLOOKUP(A274,'Billing Dimensions'!$A:$N,12,FALSE)-VLOOKUP(A274,'Audit Dimensions'!$A:$N,12,FALSE) -> 0 | M274: =VLOOKUP(A274,'Billing Dimensions'!$A:$N,13,FALSE)-VLOOKUP(A274,'Audit Dimensions'!$A:$N,13,FALSE) -> 0 | N274: =VLOOKUP(A274,'Billing Dimensions'!$A:$N,14,FALSE)-VLOOKUP(A274,'Audit Dimensions'!$A:$N,14,FALSE) -> 0 | O274: =VLOOKUP(A274,'Billing Dimensions'!A:Q,16,FALSE)-VLOOKUP('Audit VAR'!A274,'Audit Dimensions'!A:P,16,FALSE) -> 1550 | P274: =O274/1000 -> 1.55 | Q274: =(((C274*D274*E274)+(G274*H274*I274)+(K274*L274*M274))/1000000)*35.32 -> 3.532e-05 | R274: =P274/Q274 -> 43884.485
A275: TS-NL-LA | B275: SB | C275: 1 | D275: 1 | E275: 1 | F275: 3364 | G275: =VLOOKUP(A275,'Billing Dimensions'!$A:$N,7,FALSE)-VLOOKUP(A275,'Audit Dimensions'!$A:$N,7,FALSE) -> 0 | H275: =VLOOKUP(A275,'Billing Dimensions'!$A:$N,8,FALSE)-VLOOKUP(A275,'Audit Dimensions'!$A:$N,8,FALSE) -> 0 | I275: =VLOOKUP(A275,'Billing Dimensions'!$A:$N,9,FALSE)-VLOOKUP(A275,'Audit Dimensions'!$A:$N,9,FALSE) -> 0 | J275: =VLOOKUP(A275,'Billing Dimensions'!$A:$N,10,FALSE)-VLOOKUP(A275,'Audit Dimensions'!$A:$N,10,FALSE) -> 0 | K275: =VLOOKUP(A275,'Billing Dimensions'!$A:$N,11,FALSE)-VLOOKUP(A275,'Audit Dimensions'!$A:$N,11,FALSE) -> 0 | L275: =VLOOKUP(A275,'Billing Dimensions'!$A:$N,12,FALSE)-VLOOKUP(A275,'Audit Dimensions'!$A:$N,12,FALSE) -> 0 | M275: =VLOOKUP(A275,'Billing Dimensions'!$A:$N,13,FALSE)-VLOOKUP(A275,'Audit Dimensions'!$A:$N,13,FALSE) -> 0 | N275: =VLOOKUP(A275,'Billing Dimensions'!$A:$N,14,FALSE)-VLOOKUP(A275,'Audit Dimensions'!$A:$N,14,FALSE) -> 0 | O275: =VLOOKUP(A275,'Billing Dimensions'!A:Q,16,FALSE)-VLOOKUP('Audit VAR'!A275,'Audit Dimensions'!A:P,16,FALSE) -> -300 | P275: =O275/1000 -> -0.3 | Q275: =(((C275*D275*E275)+(G275*H275*I275)+(K275*L275*M275))/1000000)*35.32 -> 3.532e-05 | R275: =P275/Q275 -> -8493.7712
A276: WA-PYS-S | B276: SB | C276: 1 | D276: 1 | E276: 1 | F276: 1252 | G276: =VLOOKUP(A276,'Billing Dimensions'!$A:$N,7,FALSE)-VLOOKUP(A276,'Audit Dimensions'!$A:$N,7,FALSE) -> 0 | H276: =VLOOKUP(A276,'Billing Dimensions'!$A:$N,8,FALSE)-VLOOKUP(A276,'Audit Dimensions'!$A:$N,8,FALSE) -> 0 | I276: =VLOOKUP(A276,'Billing Dimensions'!$A:$N,9,FALSE)-VLOOKUP(A276,'Audit Dimensions'!$A:$N,9,FALSE) -> 0 | J276: =VLOOKUP(A276,'Billing Dimensions'!$A:$N,10,FALSE)-VLOOKUP(A276,'Audit Dimensions'!$A:$N,10,FALSE) -> 0 | K276: =VLOOKUP(A276,'Billing Dimensions'!$A:$N,11,FALSE)-VLOOKUP(A276,'Audit Dimensions'!$A:$N,11,FALSE) -> 0 | L276: =VLOOKUP(A276,'Billing Dimensions'!$A:$N,12,FALSE)-VLOOKUP(A276,'Audit Dimensions'!$A:$N,12,FALSE) -> 0 | M276: =VLOOKUP(A276,'Billing Dimensions'!$A:$N,13,FALSE)-VLOOKUP(A276,'Audit Dimensions'!$A:$N,13,FALSE) -> 0 | N276: =VLOOKUP(A276,'Billing Dimensions'!$A:$N,14,FALSE)-VLOOKUP(A276,'Audit Dimensions'!$A:$N,14,FALSE) -> 0 | O276: =VLOOKUP(A276,'Billing Dimensions'!A:Q,16,FALSE)-VLOOKUP('Audit VAR'!A276,'Audit Dimensions'!A:P,16,FALSE) -> 0 | P276: =O276/1000 -> 0 | Q276: =(((C276*D276*E276)+(G276*H276*I276)+(K276*L276*M276))/1000000)*35.32 -> 3.532e-05 | R276: =P276/Q276 -> 0
A277: WA-PYS-N | B277: SB | C277: 1 | D277: 1 | E277: 1 | F277: 1062 | G277: =VLOOKUP(A277,'Billing Dimensions'!$A:$N,7,FALSE)-VLOOKUP(A277,'Audit Dimensions'!$A:$N,7,FALSE) -> 0 | H277: =VLOOKUP(A277,'Billing Dimensions'!$A:$N,8,FALSE)-VLOOKUP(A277,'Audit Dimensions'!$A:$N,8,FALSE) -> 0 | I277: =VLOOKUP(A277,'Billing Dimensions'!$A:$N,9,FALSE)-VLOOKUP(A277,'Audit Dimensions'!$A:$N,9,FALSE) -> 0 | J277: =VLOOKUP(A277,'Billing Dimensions'!$A:$N,10,FALSE)-VLOOKUP(A277,'Audit Dimensions'!$A:$N,10,FALSE) -> 0 | K277: =VLOOKUP(A277,'Billing Dimensions'!$A:$N,11,FALSE)-VLOOKUP(A277,'Audit Dimensions'!$A:$N,11,FALSE) -> 0 | L277: =VLOOKUP(A277,'Billing Dimensions'!$A:$N,12,FALSE)-VLOOKUP(A277,'Audit Dimensions'!$A:$N,12,FALSE) -> 0 | M277: =VLOOKUP(A277,'Billing Dimensions'!$A:$N,13,FALSE)-VLOOKUP(A277,'Audit Dimensions'!$A:$N,13,FALSE) -> 0 | N277: =VLOOKUP(A277,'Billing Dimensions'!$A:$N,14,FALSE)-VLOOKUP(A277,'Audit Dimensions'!$A:$N,14,FALSE) -> 0 | O277: =VLOOKUP(A277,'Billing Dimensions'!A:Q,16,FALSE)-VLOOKUP('Audit VAR'!A277,'Audit Dimensions'!A:P,16,FALSE) -> 0 | P277: =O277/1000 -> 0 | Q277: =(((C277*D277*E277)+(G277*H277*I277)+(K277*L277*M277))/1000000)*35.32 -> 3.532e-05 | R277: =P277/Q277 -> 0
A278: SH-YBO | B278: SB | C278: 1 | D278: 1 | E278: 1 | F278: 2103 | G278: =VLOOKUP(A278,'Billing Dimensions'!$A:$N,7,FALSE)-VLOOKUP(A278,'Audit Dimensions'!$A:$N,7,FALSE) -> 0 | H278: =VLOOKUP(A278,'Billing Dimensions'!$A:$N,8,FALSE)-VLOOKUP(A278,'Audit Dimensions'!$A:$N,8,FALSE) -> 0 | I278: =VLOOKUP(A278,'Billing Dimensions'!$A:$N,9,FALSE)-VLOOKUP(A278,'Audit Dimensions'!$A:$N,9,FALSE) -> 0 | J278: =VLOOKUP(A278,'Billing Dimensions'!$A:$N,10,FALSE)-VLOOKUP(A278,'Audit Dimensions'!$A:$N,10,FALSE) -> 0 | K278: =VLOOKUP(A278,'Billing Dimensions'!$A:$N,11,FALSE)-VLOOKUP(A278,'Audit Dimensions'!$A:$N,11,FALSE) -> 0 | L278: =VLOOKUP(A278,'Billing Dimensions'!$A:$N,12,FALSE)-VLOOKUP(A278,'Audit Dimensions'!$A:$N,12,FALSE) -> 0 | M278: =VLOOKUP(A278,'Billing Dimensions'!$A:$N,13,FALSE)-VLOOKUP(A278,'Audit Dimensions'!$A:$N,13,FALSE) -> 0 | N278: =VLOOKUP(A278,'Billing Dimensions'!$A:$N,14,FALSE)-VLOOKUP(A278,'Audit Dimensions'!$A:$N,14,FALSE) -> 0 | O278: =VLOOKUP(A278,'Billing Dimensions'!A:Q,16,FALSE)-VLOOKUP('Audit VAR'!A278,'Audit Dimensions'!A:P,16,FALSE) -> 0 | P278: =O278/1000 -> 0 | Q278: =(((C278*D278*E278)+(G278*H278*I278)+(K278*L278*M278))/1000000)*35.32 -> 3.532e-05 | R278: =P278/Q278 -> 0
A279: SH-DVN | B279: SB | C279: 1 | D279: 1 | E279: 1 | F279: 1374 | G279: =VLOOKUP(A279,'Billing Dimensions'!$A:$N,7,FALSE)-VLOOKUP(A279,'Audit Dimensions'!$A:$N,7,FALSE) -> 0 | H279: =VLOOKUP(A279,'Billing Dimensions'!$A:$N,8,FALSE)-VLOOKUP(A279,'Audit Dimensions'!$A:$N,8,FALSE) -> 0 | I279: =VLOOKUP(A279,'Billing Dimensions'!$A:$N,9,FALSE)-VLOOKUP(A279,'Audit Dimensions'!$A:$N,9,FALSE) -> 0 | J279: =VLOOKUP(A279,'Billing Dimensions'!$A:$N,10,FALSE)-VLOOKUP(A279,'Audit Dimensions'!$A:$N,10,FALSE) -> 0 | K279: =VLOOKUP(A279,'Billing Dimensions'!$A:$N,11,FALSE)-VLOOKUP(A279,'Audit Dimensions'!$A:$N,11,FALSE) -> 0 | L279: =VLOOKUP(A279,'Billing Dimensions'!$A:$N,12,FALSE)-VLOOKUP(A279,'Audit Dimensions'!$A:$N,12,FALSE) -> 0 | M279: =VLOOKUP(A279,'Billing Dimensions'!$A:$N,13,FALSE)-VLOOKUP(A279,'Audit Dimensions'!$A:$N,13,FALSE) -> 0 | N279: =VLOOKUP(A279,'Billing Dimensions'!$A:$N,14,FALSE)-VLOOKUP(A279,'Audit Dimensions'!$A:$N,14,FALSE) -> 0 | O279: =VLOOKUP(A279,'Billing Dimensions'!A:Q,16,FALSE)-VLOOKUP('Audit VAR'!A279,'Audit Dimensions'!A:P,16,FALSE) -> 0 | P279: =O279/1000 -> 0 | Q279: =(((C279*D279*E279)+(G279*H279*I279)+(K279*L279*M279))/1000000)*35.32 -> 3.532e-05 | R279: =P279/Q279 -> 0
A280: ST-CBN-P | B280: SB | C280: 1 | D280: 1 | E280: 1 | F280: 14647 | G280: =VLOOKUP(A280,'Billing Dimensions'!$A:$N,7,FALSE)-VLOOKUP(A280,'Audit Dimensions'!$A:$N,7,FALSE) -> 0 | H280: =VLOOKUP(A280,'Billing Dimensions'!$A:$N,8,FALSE)-VLOOKUP(A280,'Audit Dimensions'!$A:$N,8,FALSE) -> 0 | I280: =VLOOKUP(A280,'Billing Dimensions'!$A:$N,9,FALSE)-VLOOKUP(A280,'Audit Dimensions'!$A:$N,9,FALSE) -> 0 | J280: =VLOOKUP(A280,'Billing Dimensions'!$A:$N,10,FALSE)-VLOOKUP(A280,'Audit Dimensions'!$A:$N,10,FALSE) -> 0 | K280: =VLOOKUP(A280,'Billing Dimensions'!$A:$N,11,FALSE)-VLOOKUP(A280,'Audit Dimensions'!$A:$N,11,FALSE) -> 0 | L280: =VLOOKUP(A280,'Billing Dimensions'!$A:$N,12,FALSE)-VLOOKUP(A280,'Audit Dimensions'!$A:$N,12,FALSE) -> 0 | M280: =VLOOKUP(A280,'Billing Dimensions'!$A:$N,13,FALSE)-VLOOKUP(A280,'Audit Dimensions'!$A:$N,13,FALSE) -> 0 | N280: =VLOOKUP(A280,'Billing Dimensions'!$A:$N,14,FALSE)-VLOOKUP(A280,'Audit Dimensions'!$A:$N,14,FALSE) -> 0 | O280: =VLOOKUP(A280,'Billing Dimensions'!A:Q,16,FALSE)-VLOOKUP('Audit VAR'!A280,'Audit Dimensions'!A:P,16,FALSE) -> 0 | P280: =O280/1000 -> 0 | Q280: =(((C280*D280*E280)+(G280*H280*I280)+(K280*L280*M280))/1000000)*35.32 -> 3.532e-05 | R280: =P280/Q280 -> 0
A281: BT-NHE | B281: SB | C281: 1 | D281: 1 | E281: 1 | F281: 4600 | G281: =VLOOKUP(A281,'Billing Dimensions'!$A:$N,7,FALSE)-VLOOKUP(A281,'Audit Dimensions'!$A:$N,7,FALSE) -> 0 | H281: =VLOOKUP(A281,'Billing Dimensions'!$A:$N,8,FALSE)-VLOOKUP(A281,'Audit Dimensions'!$A:$N,8,FALSE) -> 0 | I281: =VLOOKUP(A281,'Billing Dimensions'!$A:$N,9,FALSE)-VLOOKUP(A281,'Audit Dimensions'!$A:$N,9,FALSE) -> 0 | J281: =VLOOKUP(A281,'Billing Dimensions'!$A:$N,10,FALSE)-VLOOKUP(A281,'Audit Dimensions'!$A:$N,10,FALSE) -> 0 | K281: =VLOOKUP(A281,'Billing Dimensions'!$A:$N,11,FALSE)-VLOOKUP(A281,'Audit Dimensions'!$A:$N,11,FALSE) -> 0 | L281: =VLOOKUP(A281,'Billing Dimensions'!$A:$N,12,FALSE)-VLOOKUP(A281,'Audit Dimensions'!$A:$N,12,FALSE) -> 0 | M281: =VLOOKUP(A281,'Billing Dimensions'!$A:$N,13,FALSE)-VLOOKUP(A281,'Audit Dimensions'!$A:$N,13,FALSE) -> 0 | N281: =VLOOKUP(A281,'Billing Dimensions'!$A:$N,14,FALSE)-VLOOKUP(A281,'Audit Dimensions'!$A:$N,14,FALSE) -> 0 | O281: =VLOOKUP(A281,'Billing Dimensions'!A:Q,16,FALSE)-VLOOKUP('Audit VAR'!A281,'Audit Dimensions'!A:P,16,FALSE) -> 0 | P281: =O281/1000 -> 0 | Q281: =(((C281*D281*E281)+(G281*H281*I281)+(K281*L281*M281))/1000000)*35.32 -> 3.532e-05 | R281: =P281/Q281 -> 0
A282: KC-OPT-1N | B282: SB | C282: 1 | D282: 1 | E282: 1 | F282: 19500 | G282: =VLOOKUP(A282,'Billing Dimensions'!$A:$N,7,FALSE)-VLOOKUP(A282,'Audit Dimensions'!$A:$N,7,FALSE) -> 0 | H282: =VLOOKUP(A282,'Billing Dimensions'!$A:$N,8,FALSE)-VLOOKUP(A282,'Audit Dimensions'!$A:$N,8,FALSE) -> 0 | I282: =VLOOKUP(A282,'Billing Dimensions'!$A:$N,9,FALSE)-VLOOKUP(A282,'Audit Dimensions'!$A:$N,9,FALSE) -> 0 | J282: =VLOOKUP(A282,'Billing Dimensions'!$A:$N,10,FALSE)-VLOOKUP(A282,'Audit Dimensions'!$A:$N,10,FALSE) -> 0 | K282: =VLOOKUP(A282,'Billing Dimensions'!$A:$N,11,FALSE)-VLOOKUP(A282,'Audit Dimensions'!$A:$N,11,FALSE) -> 0 | L282: =VLOOKUP(A282,'Billing Dimensions'!$A:$N,12,FALSE)-VLOOKUP(A282,'Audit Dimensions'!$A:$N,12,FALSE) -> 0 | M282: =VLOOKUP(A282,'Billing Dimensions'!$A:$N,13,FALSE)-VLOOKUP(A282,'Audit Dimensions'!$A:$N,13,FALSE) -> 0 | N282: =VLOOKUP(A282,'Billing Dimensions'!$A:$N,14,FALSE)-VLOOKUP(A282,'Audit Dimensions'!$A:$N,14,FALSE) -> 0 | O282: =VLOOKUP(A282,'Billing Dimensions'!A:Q,16,FALSE)-VLOOKUP('Audit VAR'!A282,'Audit Dimensions'!A:P,16,FALSE) -> 0 | P282: =O282/1000 -> 0 | Q282: =(((C282*D282*E282)+(G282*H282*I282)+(K282*L282*M282))/1000000)*35.32 -> 3.532e-05 | R282: =P282/Q282 -> 0
... A300: SH-GTA | B300: SB | C300: 1 | D300: 1 | E300: 1 | F300: 5500 | G300: =VLOOKUP(A300,'Billing Dimensions'!$A:$N,7,FALSE)-VLOOKUP(A300,'Audit Dimensions'!$A:$N,7,FALSE) -> 0 | H300: =VLOOKUP(A300,'Billing Dimensions'!$A:$N,8,FALSE)-VLOOKUP(A300,'Audit Dimensions'!$A:$N,8,FALSE) -> 0 | I300: =VLOOKUP(A300,'Billing Dimensions'!$A:$N,9,FALSE)-VLOOKUP(A300,'Audit Dimensions'!$A:$N,9,FALSE) -> 0 | J300: =VLOOKUP(A300,'Billing Dimensions'!$A:$N,10,FALSE)-VLOOKUP(A300,'Audit Dimensions'!$A:$N,10,FALSE) -> 0 | K300: =VLOOKUP(A300,'Billing Dimensions'!$A:$N,11,FALSE)-VLOOKUP(A300,'Audit Dimensions'!$A:$N,11,FALSE) -> 0 | L300: =VLOOKUP(A300,'Billing Dimensions'!$A:$N,12,FALSE)-VLOOKUP(A300,'Audit Dimensions'!$A:$N,12,FALSE) -> 0 | M300: =VLOOKUP(A300,'Billing Dimensions'!$A:$N,13,FALSE)-VLOOKUP(A300,'Audit Dimensions'!$A:$N,13,FALSE) -> 0 | N300: =VLOOKUP(A300,'Billing Dimensions'!$A:$N,14,FALSE)-VLOOKUP(A300,'Audit Dimensions'!$A:$N,14,FALSE) -> 0 | O300: =VLOOKUP(A300,'Billing Dimensions'!A:Q,16,FALSE)-VLOOKUP('Audit VAR'!A300,'Audit Dimensions'!A:P,16,FALSE) -> -1850 | P300: =O300/1000 -> -1.85 | Q300: =(((C300*D300*E300)+(G300*H300*I300)+(K300*L300*M300))/1000000)*35.32 -> 3.532e-05 | R300: =P300/Q300 -> -52378.256

Sheet HELP
A1: Guidelines
A2: Put actual physical dimensions and weights only on 'Dimensions Audit' Sheet
A3: Do not make any change in 'Dimension Master' Shee
A4: Only changes to manage weights and dimensions to be done in 'dimension master' manually. Mark all such changes in RED TEXT
A5: Connect all logistics order dispatches and billing data from Dimensions Master sheet

Sheet DW.OLD
K1: 0.393701 | L1: 0.393701 | M1: 0.393701 | N1: 0.001
F2: Long | G2: Med | H2: Smal | I2: ACTUALS - Feb.19 | K2: Long | L2: Med | M2: Smal | N2: ACTUALS | P2: BOM Audit | S2: 7 | V2: Long | W2: Med | X2: Smal | Y2: Dec-18 Data | AB2: Long | AC2: Med | AD2: Smal | AE2: 43435 | AF2: x | AG2: Long | AH2: Med | AI2: Smal | AJ2: Audit | AK2: x
B3: seller-sku | C3: 30S | D3: B/T | E3: Chk | F3: Lcm | G3: Bcm | H3: Hcm | I3: PW(gm) | J3: CBM | K3: L( in) | L3: B(in) | M3: H(in) | N3: PW(Kg) | P3: BOM WT | Q3: Diff | S3: CFT | T3: CFT-Aud | V3: Lcm | W3: Bcm | X3: Hcm | Y3: PW(gm) | Z3: CBM | AB3: Lcm | AC3: Bcm | AD3: Hcm | AE3: PW(gm) | AG3: Lcm | AH3: Bcm | AI3: Hcm | AJ3: PW(gm)
B4: BT-HE | C4: 10 | D4: 4.68 | E4: #REF! | F4: 43 | G4: 41 | H4: 6 | I4: 4680 | J4: 0.010578 | K4: 16.929143 | L4: 16.141741 | M4: 2.362206 | N4: 4.68 | P4: 4672.1494 | Q4: -0.0016802972 | S4: 2.7424444 | T4: 1.9375556 | V4: 43 | W4: 40 | X4: 8.5 | Y4: 2350 | Z4: 0.01462 | AB4: 42 | AC4: 38 | AD4: 11 | AE4: 4680
B5: BT-LE-B | C5: 1 | D5: 8.76 | E5: #REF! | F5: 60 | G5: 46 | H5: 7.5 | I5: 8760 | J5: 0.028072 | K5: 22.834658 | L5: 17.322844 | M5: 4.330711 | N5: 9.1 | P5: 8813.4698 | Q5: -0.032510486 | S5: 5.3666667 | T5: 3.3933333 | V5: 59 | W5: 44.5 | X5: 10.5 | Y5: 8900 | Z5: 0.02756775
B6: BT-LE-S | C6: 2 | D6: 9.1 | E6: #REF! | F6: 58 | G6: 44 | H6: 11 | I6: 9100 | J6: 0.0207 | K6: 23.62206 | L6: 18.110246 | M6: 2.9527575 | N6: 8.76 | P6: 14057.127 | Q6: 0.37682857 | S6: 7.2779259 | T6: 1.8220741 | V6: 65 | W6: 57.5 | X6: 11.5 | Y6: 14500 | Z6: 0.04298125 | AG6: 64 | AH6: 58 | AI6: 12.5 | AJ6: 14365
B7: BT-OL | C7: 83 | D7: 7.68 | E7: #REF! | F7: 46 | G7: 48.6 | H7: 7.3 | I7: 7680 | J7: 0.01631988 | K7: 18.110246 | L7: 19.133869 | M7: 2.8740173 | N7: 7.68 | P7: 8064.5757 | Q7: 0.047687037 | S7: 4.23108 | T7: 3.44892 | V7: 50 | W7: 42.5 | X7: 10 | Y7: 8000 | Z7: 0.02125 | AB7: 48.5 | AC7: 45 | AD7: 7 | AE7: 7785
B8: CS-VW-4 | C8: 1 | D8: 0.27 | E8: #REF! | F8: 14 | G8: 14 | H8: 9 | I8: 270 | J8: 0.001764 | K8: 5.511814 | L8: 5.511814 | M8: 3.543309 | N8: 0.27 | P8: 245.8352 | Q8: -0.098296745 | S8: 0.45733333 | T8: -0.18733333 | V8: 13.5 | W8: 13 | X8: 9 | Y8: 280 | Z8: 0.0015795 | AG8: 14 | AH8: 14 | AI8: 9 | AJ8: 280
B9: CS-VW-6 | C9: 5 | D9: 0.46 | E9: #REF! | F9: 14 | G9: 14 | H9: 8.9 | I9: 460 | J9: 0.0017444 | K9: 5.511814 | L9: 5.511814 | M9: 3.5039389 | N9: 0.46 | P9: 429.61199 | Q9: -0.070733627 | S9: 0.45225185 | T9: 0.0077481481 | V9: 13.5 | W9: 13 | X9: 9 | Y9: 400 | Z9: 0.0015795 | AG9: 14 | AH9: 14 | AI9: 9 | AJ9: 410
B10: CT-LE | C10: 15 | D10: 17.785 | E10: #REF! | F10: 120 | G10: 57.5 | H10: 6.5 | I10: 17785 | J10: 0.04485 | K10: 47.24412 | L10: 22.637808 | M10: 2.5590565 | N10: 17.785 | P10: 18973.92 | Q10: 0.062660765 | S10: 11.627778 | T10: 6.1572222 | V10: 132 | W10: 56.5 | X10: 8 | Y10: 20300 | Z10: 0.059664 | AG10: 132.5 | AH10: 60 | AI10: 9 | AJ10: 20410
B11: CT-NO-RT | C11: 204 | D11: 13.35 | E11: #REF! | F11: 99 | G11: 50.5 | H11: 5.5 | I11: 13350 | J11: 0.02749725 | K11: 38.976399 | L11: 19.881901 | M11: 2.1653555 | N11: 13.35 | P11: 20355.2 | Q11: 0.34414792 | S11: 7.1289167 | T11: 6.2210833 | V11: 100 | W11: 49 | X11: 8 | Y11: 13400 | Z11: 0.0392 | AB11: 99 | AC11: 50 | AD11: 5 | AE11: 13335 | AG11: 100 | AH11: 49.5 | AI11: 8 | AJ11: 14325
B12: CT-NO-SQ | C12: 46 | D12: 14.725 | E12: #REF! | F12: 76 | G12: 76 | H12: 5 | I12: 14725 | J12: 0.02888 | K12: 29.921276 | L12: 29.921276 | M12: 1.968505 | N12: 14.725 | P12: 21649.338 | Q12: 0.31984064 | S12: 7.4874074 | T12: 7.2375926 | V12: 77 | W12: 77 | X12: 8 | Y12: 14990 | Z12: 0.047432 | AB12: 76 | AC12: 76 | AD12: 5 | AE12: 14725 | AG12: 78 | AH12: 78 | AI12: 9 | AJ12: 15995
B13: CT-OL | C13: 19 | D13: 12.995 | E13: #REF! | F13: 103 | G13: 48.02 | H13: 5.4 | I13: 12995 | J13: 0.026708724 | K13: 40.551203 | L13: 18.905522 | M13: 2.1259854 | N13: 12.995 | P13: 13128.202 | Q13: 0.010146227 | S13: 6.924484 | T13: 6.070516 | V13: 104.5 | W13: 46.5 | X13: 8 | Y13: 13950 | Z13: 0.038874
B14: CT-OSN-OV | C14: 51 | D14: 8.56 | E14: #REF! | F14: 106 | G14: 63 | H14: 5 | I14: 8560 | J14: 0.03339 | K14: 41.732306 | L14: 24.803163 | M14: 1.968505 | N14: 8.56 | P14: 10758.86 | Q14: 0.2043767 | S14: 8.6566667 | T14: -0.096666667 | V14: 106 | W14: 63 | X14: 6.5 | Y14: 10100 | Z14: 0.043407 | AB14: 106 | AC14: 58 | AD14: 5.5 | AE14: 8900
B15: CT-OSN-RT | C15: 137 | D15: 9.97 | E15: #REF! | F15: 105 | G15: 60 | H15: 4 | I15: 9970 | J15: 0.0252 | K15: 41.338605 | L15: 23.62206 | M15: 1.574804 | N15: 9.97 | P15: 9960.2864 | Q15: -0.00097523161 | S15: 6.5333333 | T15: 3.4366667 | V15: 106 | W15: 58 | X15: 6.5 | Y15: 9800 | Z15: 0.039962 | AB15: 127 | AC15: 64 | AD15: 10 | AE15: 29710
B16: CT-SY | C16: 80 | D16: 17.22 | E16: #REF! | F16: 80 | G16: 80 | H16: 12 | I16: 17220 | J16: 0.0768 | K16: 31.49608 | L16: 31.49608 | M16: 4.724412 | N16: 17.22 | P16: 17241.888 | Q16: 0.0012694391 | S16: 19.911111 | T16: -2.6911111 | V16: 89 | W16: 82 | X16: 9 | Y16: 19000 | Z16: 0.065682 | AG16: 90 | AH16: 83 | AI16: 9 | AJ16: 18220
B17: CT-VC | C17: 60 | D17: 19.085 | E17: #REF! | F17: 107 | G17: 49 | H17: 8.3 | I17: 19085 | J17: 0.0435169 | K17: 42.126007 | L17: 19.291349 | M17: 3.2677183 | N17: 19.085 | P17: 20027.407 | Q17: 0.047055867 | S17: 11.282159 | T17: 7.8028407 | V17: 106.5 | W17: 48 | X17: 11.5 | Y17: 21940 | Z17: 0.058788 | AB17: 106 | AC17: 49.5 | AD17: 8 | AE17: 19370
B18: DT-HE-3 | C18: 8 | D18: 10.79 | E18: #REF! | F18: 85 | G18: 85 | H18: 4.5 | I18: 10790 | J18: 0.0325125 | K18: 33.464585 | L18: 33.464585 | M18: 1.7716545 | N18: 10.79 | P18: 10689.305 | Q18: -0.0094201489 | S18: 8.4291667 | T18: 2.3608333 | V18: 87 | W18: 87 | X18: 5 | Y18: 10000 | Z18: 0.037845
B19: DT-HE-4 | C19: 7 | D19: 18 | E19: #REF! | F19: 158.5 | G19: 84 | H19: 4.5 | I19: 18000 | J19: 0.059913 | K19: 62.401609 | L19: 33.070884 | M19: 1.7716545 | N19: 18 | P19: 14397.451 | Q19: -0.25022126 | S19: 15.533 | T19: 2.467 | V19: 158 | W19: 80 | X19: 5 | Y19: 16500 | Z19: 0.0632
B20: DT-MR | C20: 16 | D20: 5.94 | E20: #REF! | F20: 107 | G20: 41 | H20: 6.5 | I20: 5940 | J20: 0.0285155 | K20: 42.126007 | L20: 16.141741 | M20: 2.5590565 | N20: 5.94 | P20: 5685.1457 | Q20: -0.044828112 | S20: 7.3929074 | T20: -1.4529074 | V20: 117 | W20: 42 | X20: 6 | Y20: 5300 | Z20: 0.029484
B21: GH-CE | C21: 29 | D21: 3.18 | E21: #REF! | F21: 85 | G21: 34 | H21: 4.5 | I21: 3180 | J21: 0.013005 | K21: 33.464585 | L21: 13.385834 | M21: 1.7716545 | N21: 3.18 | P21: 3124.048 | Q21: -0.017910091 | S21: 3.3716667 | T21: -0.19166667 | V21: 84 | W21: 34 | X21: 6 | Y21: 3610 | Z21: 0.017136 | AB21: 83 | AC21: 37 | AD21: 10 | AE21: 3120
B22: GH-IS | C22: 87 | D22: 1.425 | E22: #REF! | F22: 30 | G22: 25 | H22: 4 | I22: 1425 | J22: 0.003 | K22: 11.81103 | L22: 9.842525 | M22: 1.574804 | N22: 1.425 | P22: 1358.1119 | Q22: -0.049250831 | S22: 0.77777778 | T22: 0.64722222 | V22: 31 | W22: 27 | X22: 6 | Y22: 1170 | Z22: 0.005022 | AB22: 30 | AC22: 26.5 | AD22: 6 | AE22: 1225
B23: KH-AM | C23: 9 | D23: 0.58 | E23: #REF! | F23: 25 | G23: 20 | H23: 6 | I23: 580 | J23: 0.003 | K23: 9.842525 | L23: 7.87402 | M23: 2.362206 | N23: 0.58 | P23: 395.25271 | Q23: -0.46741561 | S23: 0.77777778 | T23: -0.19777778 | V23: 28 | W23: 20 | X23: 7.5 | Y23: 475 | Z23: 0.0042 | AB23: 25 | AC23: 20 | AD23: 7 | AE23: 425 | AG23: 28 | AH23: 20 | AI23: 7.5 | AJ23: 490
B24: KH-ND-12 | C24: 27 | D24: #N/A | E24: #REF! | F24: #N/A | G24: #N/A | H24: #N/A | I24: #N/A | J24: #N/A | K24: #N/A | L24: #N/A | M24: #N/A | N24: #N/A | P24: 375.93308 | Q24: #N/A | S24: #N/A | T24: #N/A | V24: 24 | W24: 16 | X24: 5.5 | Y24: 350 | Z24: 0.002112 | AB24: 28 | AC24: 18.5 | AD24: 6 | AE24: 520 | AG24: 28 | AH24: 19 | AI24: 6 | AJ24: 490
B25: KH-ND-6 | C25: 4 | D25: 0.32 | E25: #REF! | F25: 37 | G25: 10 | H25: 6 | I25: 320 | J25: 0.00222 | K25: 14.566937 | L25: 3.93701 | M25: 2.362206 | N25: 0.32 | P25: 230.2622 | Q25: -0.38972004 | S25: 0.57555556 | T25: -0.25555556 | V25: 24 | W25: 11 | X25: 5.5 | Y25: 210 | Z25: 0.001452 | AB25: 37 | AC25: 10 | AD25: 6 | AE25: 320 | AG25: 37 | AH25: 10 | AI25: 6 | AJ25: 325
B26: KH-RZ | C26: 59 | D26: 0.9 | E26: #REF! | F26: 34 | G26: 32 | H26: 6.5 | I26: 900 | J26: 0.007072 | K26: 13.385834 | L26: 12.598432 | M26: 2.5590565 | N26: 0.9 | P26: 597.40917 | Q26: -0.50650517 | S26: 1.8334815 | T26: -0.93348148 | V26: 34 | W26: 23 | X26: 8 | Y26: 865 | Z26: 0.006256 | AB26: 34 | AC26: 33 | AD26: 6.5 | AE26: 910 | AG26: 34 | AH26: 24 | AI26: 8 | AJ26: 620
B27: KH-SP-W5 | C27: 1 | D27: 0.755 | E27: #REF! | F27: 28 | G27: 19 | H27: 6 | I27: 755 | J27: 0.003192 | K27: 11.023628 | L27: 7.480319 | M27: 2.362206 | N27: 0.755 | P27: 490.67321 | Q27: -0.53870231 | S27: 0.82755556 | T27: -0.072555556 | V27: 28 | W27: 20 | X27: 8 | Y27: 585 | Z27: 0.00448 | AB27: 28 | AC27: 20 | AD27: 8 | AE27: 580 | AG27: 25 | AH27: 20 | AI27: 8 | AJ27: 580
B28: KH-SP-W9 | C28: 8 | D28: 1.725 | E28: #REF! | F28: 33.5 | G28: 32.5 | H28: 6 | I28: 1725 | J28: 0.0065325 | K28: 13.188984 | L28: 12.795283 | M28: 2.362206 | N28: 1.725 | P28: 993.55902 | Q28: -0.73618271 | S28: 1.6936111 | T28: 0.031388889 | V28: 35 | W28: 32 | X28: 6.5 | Y28: 1600 | Z28: 0.00728 | AB28: 33.5 | AC28: 32.5 | AD28: 6 | AE28: 1725 | AG28: 34 | AH28: 33 | AI28: 7 | AJ28: 1620
B29: KHS-SW-W1 | C29: 78 | D29: 0.8 | E29: #REF! | F29: 28 | G29: 19.5 | H29: 5.8 | I29: 800 | J29: 0.0031668 | K29: 11.023628 | L29: 7.6771695 | M29: 2.2834658 | N29: 0.8 | P29: 640.95739 | Q29: -0.24813289 | S29: 0.82102222 | T29: -0.021022222 | V29: 28 | W29: 19 | X29: 6 | Y29: 855 | Z29: 0.003192 | AB29: 28 | AC29: 19 | AD29: 6 | AE29: 880 | AG29: 28 | AH29: 19 | AI29: 6 | AJ29: 835
B30: KH-SW-W10 | C30: 124 | D30: 0.655 | E30: #REF! | F30: 25.2 | G30: 24.5 | H30: 5.5 | I30: 655 | J30: 0.0033957 | K30: 9.9212652 | L30: 9.6456745 | M30: 2.1653555 | N30: 0.655 | P30: 460.54061 | Q30: -0.42224157 | S30: 0.88036667 | T30: -0.22536667 | V30: 24 | W30: 24 | X30: 6.5 | Y30: 570 | Z30: 0.003744 | AB30: 24 | AC30: 24 | AD30: 6.5 | AE30: 480 | AG30: 24 | AH30: 24 | AI30: 7 | AJ30: 530
B31: KH-SW-W21 | C31: 59 | D31: 1.275 | E31: #REF! | F31: 34.5 | G31: 32 | H31: 6.3 | I31: 1275 | J31: 0.0069552 | K31: 13.582685 | L31: 12.598432 | M31: 2.4803163 | N31: 1.275 | P31: 901.94 | Q31: -0.41361953 | S31: 1.8032 | T31: -0.5282 | V31: 34.5 | W31: 33 | X31: 6.5 | Y31: 1300 | Z31: 0.00740025 | AB31: 34 | AC31: 32.5 | AD31: 7 | AE31: 1260 | AG31: 34 | AH31: 33 | AI31: 6 | AJ31: 1300
B32: KH-SW-WB | C32: 85 | D32: 0.335 | E32: #REF! | F32: 37.5 | G32: 10.5 | H32: 6 | I32: 335 | J32: 0.0023625 | K32: 14.763788 | L32: 4.1338605 | M32: 2.362206 | N32: 0.335 | P32: 226.40714 | Q32: -0.4796353 | S32: 0.6125 | T32: -0.2775 | V32: 36.5 | W32: 10 | X32: 5.5 | Y32: 305 | Z32: 0.0020075 | AG32: 37 | AH32: 10 | AI32: 6 | AJ32: 315
B33: KH-SW-WS | C33: 1 | D33: #N/A | E33: #REF! | F33: #N/A | G33: #N/A | H33: #N/A | I33: #N/A | J33: #N/A | K33: #N/A | L33: #N/A | M33: #N/A | N33: #N/A | P33: 165.6781 | Q33: #N/A | S33: #N/A | T33: #N/A | V33: 24 | W33: 6 | X33: 6 | Y33: 200 | Z33: 0.000864 | AG33: 24 | AH33: 6 | AI33: 6 | AJ33: 200
B34: KH-VD | C34: 15 | D34: 0.29 | E34: #REF! | F34: 24.5 | G34: 18.5 | H34: 5 | I34: 290 | J34: 0.00226625 | K34: 9.6456745 | L34: 7.2834685 | M34: 1.968505 | N34: 0.29 | P34: 287.50324 | Q34: -0.0086842847 | S34: 0.5875463 | T34: -0.2975463 | V34: 25 | W34: 16.5 | X34: 7 | Y34: 350 | Z34: 0.0028875 | AB34: 24 | AC34: 16 | AD34: 6 | AE34: 340 | AG34: 24 | AH34: 16 | AI34: 6.5 | AJ34: 310
B35: KR-JSD | C35: #N/A | D35: 7.47 | E35: #REF! | F35: 83.5 | G35: 21 | H35: 10 | I35: 7470 | J35: 0.017535 | K35: 32.874034 | L35: 8.267721 | M35: 3.93701 | N35: 7.47 | P35: 7640.4544 | Q35: 0.022309463 | S35: 4.5461111 | T35: 2.9238889 | AB35: 106 | AC35: 63 | AD35: 5 | AE35: 8560
B36: LT-MR | C36: 26 | D36: 2.765 | E36: #REF! | F36: 67 | G36: 42 | H36: 7 | I36: 2765 | J36: 0.019698 | K36: 26.377967 | L36: 16.535442 | M36: 2.755907 | N36: 2.765 | P36: 3390.7068 | Q36: 0.18453581 | S36: 5.1068889 | T36: -2.3418889 | V36: 67 | W36: 34 | X36: 5.5 | Y36: 3350 | Z36: 0.012529 | AG36: 67 | AH36: 42 | AI36: 7 | AJ36: 2970
B37: LT-RD-AW | C37: 20 | D37: 2.87 | E37: #REF! | F37: 66 | G37: 34 | H37: 6 | I37: 2870 | J37: 0.013464 | K37: 25.984266 | L37: 13.385834 | M37: 2.362206 | N37: 2.87 | P37: 2908.777 | Q37: 0.013331027 | S37: 3.4906667 | T37: -0.62066667 | V37: 65 | W37: 36.5 | X37: 6 | Y37: 2650 | Z37: 0.014235
B38: M-AK-B | C38: 10 | D38: 19.5 | E38: #REF! | F38: 168 | G38: 62 | H38: 4 | I38: 19500 | J38: 0.041664 | K38: 66.141768 | L38: 24.409462 | M38: 1.574804 | N38: 19.5 | P38: 13852.57 | Q38: -0.40768108 | S38: 10.801778 | T38: 8.6982222 | V38: 172.5 | W38: 65 | X38: 6 | Y38: 20300 | Z38: 0.067275 | AG38: 172 | AH38: 65 | AI38: 6 | AJ38: 20460
B39: M-AK-S | C39: #N/A | D39: #N/A | E39: #REF! | F39: #N/A | G39: #N/A | H39: #N/A | I39: #N/A | J39: #N/A | K39: #N/A | L39: #N/A | M39: #N/A | N39: #N/A | P39: 4549.7771 | Q39: #N/A | S39: #N/A | T39: #N/A | V39: 79 | W39: 62.5 | X39: 5.5 | Y39: 8000 | Z39: 0.02715625
B40: MH-EA-4 | C40: 56 | D40: 0 | E40: #REF! | F40: 0 | G40: 0 | H40: 0 | I40: 0 | J40: 0 | K40: 0 | L40: 0 | M40: 0 | N40: 0 | P40: #N/A | Q40: #N/A | S40: 0 | T40: 0 | V40: 15 | W40: 11 | X40: 10 | Y40: 150 | Z40: 0.00165 | AG40: 22 | AH40: 14 | AI40: 8 | AJ40: 250
B41: MH-WSB-2 | C41: 7 | D41: #N/A | E41: #REF! | F41: #N/A | G41: #N/A | H41: #N/A | I41: #N/A | J41: #N/A | K41: #N/A | L41: #N/A | M41: #N/A | N41: #N/A | P41: #N/A | Q41: #N/A | S41: #N/A | T41: #N/A | V41: 13 | W41: 13 | X41: 9 | Y41: 200 | Z41: 0.001521
B42: MH-WSB-3 | C42: #N/A | D42: #N/A | E42: #REF! | F42: #N/A | G42: #N/A | H42: #N/A | I42: #N/A | J42: #N/A | K42: #N/A | L42: #N/A | M42: #N/A | N42: #N/A | P42: #N/A | Q42: #N/A | S42: #N/A | T42: #N/A | V42: 13 | W42: 13 | X42: 9 | Y42: 250 | Z42: 0.001521
B43: PC-AY-L | C43: 14 | D43: 0.29 | E43: #REF! | F43: 13 | G43: 13 | H43: 7 | I43: 290 | J43: 0.001183 | K43: 5.118113 | L43: 5.118113 | M43: 2.755907 | N43: 0.29 | P43: 269.0526 | Q43: -0.077856152 | S43: 0.3067037 | T43: -0.016703704 | V43: 13.5 | W43: 13 | X43: 9.5 | Y43: 232 | Z43: 0.00166725
B44: PC-AY-S | C44: 5 | D44: #N/A | E44: #REF! | F44: #N/A | G44: #N/A | H44: #N/A | I44: #N/A | J44: #N/A | K44: #N/A | L44: #N/A | M44: #N/A | N44: #N/A | P44: 144.144 | Q44: #N/A | S44: #N/A | T44: #N/A | V44: 18 | W44: 18 | X44: 7 | Y44: 304 | Z44: 0.002268 | AB44: 13 | AC44: 13 | AD44: 9 | AE44: 240
B45: PC-SM-L | C45: 6 | D45: 0.27 | E45: #REF! | F45: 19.5 | G45: 19.5 | H45: 4.5 | I45: 270 | J45: 0.001711125 | K45: 7.6771695 | L45: 7.6771695 | M45: 1.7716545 | N45: 0.27 | P45: 146.25142 | Q45: -0.84613591 | S45: 0.443625 | T45: -0.173625 | V45: 18 | W45: 18 | X45: 6.5 | Y45: 250 | Z45: 0.002106 | AB45: 14 | AC45: 14 | AD45: 9 | AE45: 175 | AG45: 18 | AH45: 18 | AI45: 6.5 | AJ45: 180
B46: PC-SM-S | C46: 6 | D46: 0.18 | E46: #REF! | F46: 13 | G46: 13 | H46: 9 | I46: 180 | J46: 0.001521 | K46: 5.118113 | L46: 5.118113 | M46: 3.543309 | N46: 0.18 | P46: 149.0591 | Q46: -0.2075747 | S46: 0.39433333 | T46: -0.21433333 | V46: 13 | W46: 13 | X46: 7 | Y46: 200 | Z46: 0.001183 | AG46: 13.5 | AH46: 13 | AI46: 9 | AJ46: 180
B47: RG-SN-C1 | C47: #N/A | D47: 0.4 | E47: #REF! | F47: 20 | G47: 13 | H47: 9 | I47: 400 | J47: 0.00234 | K47: 7.87402 | L47: 5.118113 | M47: 3.543309 | N47: 0.4 | P47: 329.18428 | Q47: -0.21512484 | S47: 0.60666667 | T47: -0.20666667 | V47: 22 | W47: 13 | X47: 9 | Y47: 350 | Z47: 0.002574
B48: RG-SN-NR-P2 | C48: #N/A | D48: #N/A | E48: #REF! | F48: #N/A | G48: #N/A | H48: #N/A | I48: #N/A | J48: #N/A | K48: #N/A | L48: #N/A | M48: #N/A | N48: #N/A | P48: 313.13516 | Q48: #N/A | S48: #N/A | T48: #N/A | V48: 22 | W48: 13 | X48: 9 | Y48: 270 | Z48: 0.002574
B49: RG-SN-TH | C49: 53 | D49: 0.295 | E49: #REF! | F49: 23 | G49: 12 | H49: 9 | I49: 295 | J49: 0.002484 | K49: 9.055123 | L49: 4.724412 | M49: 3.543309 | N49: 0.295 | P49: 172.6167 | Q49: -0.70898872 | S49: 0.644 | T49: -0.349 | V49: 22 | W49: 13 | X49: 9 | Y49: 270 | Z49: 0.002574
B50: RG-WH-SW-W4 | C50: #N/A | D50: #N/A | E50: #REF! | F50: #N/A | G50: #N/A | H50: #N/A | I50: #N/A | J50: #N/A | K50: #N/A | L50: #N/A | M50: #N/A | N50: #N/A | P50: 257.15014 | Q50: #N/A | S50: #N/A | T50: #N/A | V50: 37 | W50: 10 | X50: 6 | Y50: 360 | Z50: 0.00222 | AG50: 37 | AH50: 10 | AI50: 6 | AJ50: 320
B51: RG-WH-SW-W6 | C51: 4 | D51: #N/A | E51: #REF! | F51: #N/A | G51: #N/A | H51: #N/A | I51: #N/A | J51: #N/A | K51: #N/A | L51: #N/A | M51: #N/A | N51: #N/A | P51: 377.03904 | Q51: #N/A | S51: #N/A | T51: #N/A | V51: 37 | W51: 10 | X51: 6 | Y51: 435 | Z51: 0.00222 | AG51: 37 | AH51: 10 | AI51: 6 | AJ51: 455
B52: RG-WSC-SW-W12 | C52: 2 | D52: #N/A | E52: #REF! | F52: #N/A | G52: #N/A | H52: #N/A | I52: #N/A | J52: #N/A | K52: #N/A | L52: #N/A | M52: #N/A | N52: #N/A | P52: 752.2253 | Q52: #N/A | S52: #N/A | T52: #N/A | V52: 34 | W52: 34 | X52: 6.5 | Y52: 1200 | Z52: 0.007514 | AG52: 36 | AH52: 34 | AI52: 6 | AJ52: 1200
B53: RG-WS-SW-W18 | C53: 6 | D53: #N/A | E53: #REF! | F53: #N/A | G53: #N/A | H53: #N/A | I53: #N/A | J53: #N/A | K53: #N/A | L53: #N/A | M53: #N/A | N53: #N/A | P53: 1147.0835 | Q53: #N/A | S53: #N/A | T53: #N/A | V53: 51 | W53: 25.5 | X53: 4.5 | Y53: 1420 | Z53: 0.00585225
B54: RG-WS-SW-W24 | C54: #N/A | D54: #N/A | E54: #REF! | F54: #N/A | G54: #N/A | H54: #N/A | I54: #N/A | J54: #N/A | K54: #N/A | L54: #N/A | M54: #N/A | N54: #N/A | P54: 1490.075 | Q54: #N/A | S54: #N/A | T54: #N/A | V54: 66.5 | W54: 26 | X54: 4.5 | Y54: 1800 | Z54: 0.0077805
B55: RG-WS-SW-W30 | C55: 2 | D55: #N/A | E55: #REF! | F55: #N/A | G55: #N/A | H55: #N/A | I55: #N/A | J55: #N/A | K55: #N/A | L55: #N/A | M55: #N/A | N55: #N/A | P55: 1844.8937 | Q55: #N/A | S55: #N/A | T55: #N/A | V55: 66.5 | W55: 25 | X55: 4.5 | Y55: 2400 | Z55: 0.00748125
B56: RH-OT | C56: 92 | D56: 0.962 | E56: #REF! | F56: 25 | G56: 22 | H56: 11 | I56: 962 | J56: 0.00605 | K56: 9.842525 | L56: 8.661422 | M56: 4.330711 | N56: 0.962 | P56: 885.49458 | Q56: -0.086398519 | S56: 1.5685185 | T56: -0.60651852 | V56: 25 | W56: 21 | X56: 12 | Y56: 740 | Z56: 0.0063 | AB56: 25 | AC56: 21 | AD56: 10 | AE56: 920 | AG56: 25 | AH56: 20 | AI56: 12 | AJ56: 680
B57: RH-RL | C57: 23 | D57: 0.71 | E57: #REF! | F57: 21.5 | G57: 19 | H57: 13.5 | I57: 710 | J57: 0.00551475 | K57: 8.4645715 | L57: 7.480319 | M57: 5.3149635 | N57: 0.71 | P57: 737.1058 | Q57: 0.036773286 | S57: 1.42975 | T57: -0.71975 | V57: 20 | W57: 16.5 | X57: 15.5 | Y57: 540 | Z57: 0.005115
B58: RH-SU-2-2 | C58: 3 | D58: 0.44 | E58: #REF! | F58: 38 | G58: 13 | H58: 7 | I58: 440 | J58: 0.003458 | K58: 14.960638 | L58: 5.118113 | M58: 2.755907 | N58: 0.44 | P58: 287.35574 | Q58: -0.53120308 | S58: 0.89651852 | T58: -0.45651852 | V58: 39 | W58: 13 | X58: 7 | Y58: 450 | Z58: 0.003549 | AG58: 37.5 | AH58: 13 | AI58: 7 | AJ58: 445
B59: RH-SU-4 | C59: 16 | D59: 0.43 | E59: #REF! | F59: 38 | G59: 13 | H59: 7 | I59: 430 | J59: 0.003458 | K59: 14.960638 | L59: 5.118113 | M59: 2.755907 | N59: 0.43 | P59: 269.39601 | Q59: -0.59616321 | S59: 0.89651852 | T59: -0.46651852 | V59: 37.5 | W59: 13 | X59: 7 | Y59: 430 | Z59: 0.0034125 | AB59: 37.5 | AC59: 13 | AD59: 7 | AE59: 430 | AG59: 38 | AH59: 13 | AI59: 7 | AJ59: 420
B60: RT-FR | C60: 22 | D60: 22 | E60: #REF! | F60: 156 | G60: 68 | H60: 5 | I60: 22000 | J60: 0.05304 | K60: 61.417356 | L60: 26.771668 | M60: 1.968505 | N60: 22 | P60: 18573.125 | Q60: -0.18450718 | S60: 13.751111 | T60: 8.2488889 | V60: 168 | W60: 79 | X60: 7.5 | Y60: 24700 | Z60: 0.09954
B61: RT-RI | C61: 74 | D61: 9.43 | E61: #REF! | F61: 103 | G61: 55.5 | H61: 4.5 | I61: 9430 | J61: 0.02572425 | K61: 40.551203 | L61: 21.850406 | M61: 1.7716545 | N61: 9.43 | P61: 6979.9581 | Q61: -0.35101098 | S61: 6.66925 | T61: 2.76075 | V61: 105 | W61: 56 | X61: 7 | Y61: 9800 | Z61: 0.04116 | AB61: 101 | AC61: 55 | AD61: 3.5 | AE61: 9600
B62: RT-T | C62: 5 | D62: 1.015 | E62: #REF! | F62: 51 | G62: 17 | H62: 3.5 | I62: 1015 | J62: 0.0030345 | K62: 20.078751 | L62: 6.692917 | M62: 1.3779535 | N62: 1.015 | P62: #N/A | Q62: #N/A | S62: 0.78672222 | T62: 0.22827778 | V62: 49.7 | W62: 15.5 | X62: 6.5 | Y62: 1500 | Z62: 0.005007275
B63: S-AB | C63: 45 | D63: 5.83 | E63: #REF! | F63: 95 | G63: 34.5 | H63: 5 | I63: 5830 | J63: 0.0163875 | K63: 37.401595 | L63: 13.582685 | M63: 1.968505 | N63: 5.83 | P63: 7140.6583 | Q63: 0.18354867 | S63: 4.2486111 | T63: 1.5813889 | V63: 95 | W63: 33 | X63: 8 | Y63: 6100 | Z63: 0.02508 | AB63: 94.5 | AC63: 34 | AD63: 5.5 | AE63: 5920
B64: S-AE | C64: 12 | D64: 18.69 | E64: #REF! | F64: 187 | G64: 35 | H64: 6 | I64: 18690 | J64: 0.03927 | K64: 73.622087 | L64: 13.779535 | M64: 2.362206 | N64: 18.69 | P64: 3178.4217 | Q64: -4.880277 | S64: 10.181111 | T64: 8.5088889 | V64: 187 | W64: 40 | X64: 11 | Y64: 22000 | Z64: 0.08228 | AB64: 187 | AC64: 35 | AD64: 6 | AE64: 18690
B65: S-AO | C65: 115 | D65: 5.66 | E65: #REF! | F65: 94 | G65: 26 | H65: 5.5 | I65: 5660 | J65: 0.013442 | K65: 37.007894 | L65: 10.236226 | M65: 2.1653555 | N65: 5.66 | P65: 6381.0479 | Q65: 0.11299835 | S65: 3.484963 | T65: 2.175037 | V65: 91 | W65: 25 | X65: 8 | Y65: 5700 | Z65: 0.0182 | AB65: 84 | AC65: 26 | AD65: 5 | AE65: 5765 | AG65: 91 | AH65: 25 | AI65: 8 | AJ65: 5880
B66: S-AX | C66: #N/A | D66: #N/A | E66: #REF! | F66: #N/A | G66: #N/A | H66: #N/A | I66: #N/A | J66: #N/A | K66: #N/A | L66: #N/A | M66: #N/A | N66: #N/A | P66: 1898.6597 | Q66: #N/A | S66: #N/A | T66: #N/A | V66: 56.5 | W66: 15.5 | X66: 8 | Y66: 1400 | Z66: 0.007006 | AG66: 58 | AH66: 16 | AI66: 7 | AJ66: 1365
B67: SB-AA | C67: 29 | D67: 1.59 | E67: #REF! | F67: 24 | G67: 18 | H67: 10 | I67: 1590 | J67: 0.00432 | K67: 9.448824 | L67: 7.086618 | M67: 3.93701 | N67: 1.59 | P67: 1442.9063 | Q67: -0.10194267 | S67: 1.12 | T67: 0.47 | V67: 25.5 | W67: 16 | X67: 14.5 | Y67: 1650 | Z67: 0.005916 | AG67: 26 | AH67: 16 | AI67: 14 | AJ67: 1650
B68: SB-AL-2 | C68: 56 | D68: 1.64 | E68: #REF! | F68: 23.5 | G68: 20 | H68: 10.5 | I68: 1640 | J68: 0.004935 | K68: 9.2519735 | L68: 7.87402 | M68: 4.1338605 | N68: 1.64 | P68: 1539.0564 | Q68: -0.06558797 | S68: 1.2794444 | T68: 0.36055556 | V68: 22.5 | W68: 18.5 | X68: 14 | Y68: 1500 | Z68: 0.0058275
B69: SB-AL-4 | C69: 29 | D69: 3.305 | E69: #REF! | F69: 24 | G69: 20 | H69: 21.5 | I69: 3305 | J69: 0.01032 | K69: 9.448824 | L69: 7.87402 | M69: 8.4645715 | N69: 3.305 | P69: 3127.0688 | Q69: -0.056900306 | S69: 2.6755556 | T69: 0.62944444 | V69: 25.5 | W69: 19 | X69: 23.5 | Y69: 3000 | Z69: 0.01138575
B70: SB-AXA-2 | C70: 2 | D70: #N/A | E70: #REF! | F70: #N/A | G70: #N/A | H70: #N/A | I70: #N/A | J70: #N/A | K70: #N/A | L70: #N/A | M70: #N/A | N70: #N/A | P70: 14533.894 | Q70: #N/A | S70: #N/A | T70: #N/A | V70: 87 | W70: 39 | X70: 14.5 | Y70: 18300 | Z70: 0.0491985 | AB70: 83 | AC70: 34 | AD70: 9 | AE70: 14320
B71: SB-AXA-31 | C71: #N/A | D71: #N/A | E71: #REF! | F71: #N/A | G71: #N/A | H71: #N/A | I71: #N/A | J71: #N/A | K71: #N/A | L71: #N/A | M71: #N/A | N71: #N/A | P71: 19020.412 | Q71: #N/A | S71: #N/A | T71: #N/A | V71: 134 | W71: 44.5 | X71: 11.5 | Y71: 22800 | Z71: 0.0685745
B72: SB-AXA-32 | C72: #N/A | D72: #N/A | E72: #REF! | F72: #N/A | G72: #N/A | H72: #N/A | I72: #N/A | J72: #N/A | K72: #N/A | L72: #N/A | M72: #N/A | N72: #N/A | P72: 20101.231 | Q72: #N/A | S72: #N/A | T72: #N/A | V72: 166 | W72: 36.5 | X72: 13 | Y72: 22500 | Z72: 0.078767
B73: SB-AXA-4 | C73: 12 | D73: 24.48 | E73: #REF! | F73: 160 | G73: 33 | H73: 10 | I73: 24480 | J73: 0.0528 | K73: 62.99216 | L73: 12.992133 | M73: 3.93701 | N73: 24.48 | P73: 25312.099 | Q73: 0.032873571 | S73: 13.688889 | T73: 10.791111 | V73: 164 | W73: 36.5 | X73: 13 | Y73: 27800 | Z73: 0.077818 | AB73: 159 | AC73: 32.5 | AD73: 9.5 | AE73: 25750
B74: SB-AXA-51 | C74: 6 | D74: 20.37 | E74: #REF! | F74: 172 | G74: 33 | H74: 7 | I74: 20370 | J74: 0.039732 | K74: 67.716572 | L74: 12.992133 | M74: 2.755907 | N74: 20.37 | P74: 20351.226 | Q74: -0.00092251943 | S74: 10.300889 | T74: 10.069111 | V74: 172.5 | W74: 36.5 | X74: 11 | Y74: 22500 | Z74: 0.06925875 | AB74: 172 | AC74: 33 | AD74: 7 | AE74: 20370
B75: SB-AXA-52 | C75: 9 | D75: 32.5 | E75: #REF! | F75: 173 | G75: 37 | H75: 13.5 | I75: 32500 | J75: 0.0864135 | K75: 68.110273 | L75: 14.566937 | M75: 5.3149635 | N75: 32.5 | P75: 30478.03 | Q75: -0.06634187 | S75: 22.4035 | T75: 10.0965 | V75: 172.3 | W75: 36.5 | X75: 13 | Y75: 35000 | Z75: 0.08175635
B76: SB-CA | C76: 146 | D76: 2.945 | E76: #REF! | F76: 72 | G76: 17 | H76: 5.5 | I76: 2945 | J76: 0.006732 | K76: 28.346472 | L76: 6.692917 | M76: 2.1653555 | N76: 2.945 | P76: 2966.9406 | Q76: 0.0073950172 | S76: 1.7453333 | T76: 1.1996667 | V76: 3 | W76: 16 | X76: 6 | Y76: 2900 | Z76: 0.000288 | AB76: 71.5 | AC76: 16 | AD76: 6 | AE76: 2945 | AG76: 73 | AH76: 16 | AI76: 8 | AJ76: 2890
B77: SB-CS-LA | C77: 8 | D77: 6.885 | E77: #REF! | F77: 98 | G77: 29 | H77: 8.5 | I77: 6885 | J77: 0.024157 | K77: 38.582698 | L77: 11.417329 | M77: 3.3464585 | N77: 6.885 | P77: 7745.2139 | Q77: 0.11106393 | S77: 6.2629259 | T77: 0.62207407 | V77: 97 | W77: 24 | X77: 11.5 | Y77: 7600 | Z77: 0.026772 | AB77: 98 | AC77: 29 | AD77: 8.5 | AE77: 6885
B78: SB-CS-ST | C78: 1 | D78: 3.35 | E78: Y | F78: 67 | G78: 17 | H78: 10 | I78: 3350 | J78: 0.01139 | K78: 26.377967 | L78: 6.692917 | M78: 3.93701 | N78: 3.35 | P78: 3848.2285 | Q78: 0.12946958 | S78: 2.952963 | T78: 0.39703704 | Z78: 0
B79: SB-OS | C79: 17 | D79: 9.8 | E79: #REF! | F79: 122 | G79: 45.5 | H79: 5.5 | I79: 9800 | J79: 0.0305305 | K79: 48.031522 | L79: 17.913396 | M79: 2.1653555 | N79: 9.8 | P79: 5121.9593 | Q79: -0.91333031 | S79: 7.9153148 | T79: 1.8846852 | V79: 122 | W79: 44 | X79: 7.5 | Y79: 10100 | Z79: 0.04026 | AB79: 67 | AC79: 17 | AD79: 10 | AE79: 3350
B80: SB-PH | C80: 356 | D80: 2.4 | E80: #REF! | F80: 73 | G80: 17 | H80: 5.5 | I80: 2400 | J80: 0.0068255 | K80: 28.740173 | L80: 6.692917 | M80: 2.1653555 | N80: 2.4 | P80: 2484.8232 | Q80: 0.034136496 | S80: 1.7695741 | T80: 0.63042593 | V80: 75 | W80: 16 | X80: 8 | Y80: 2500 | Z80: 0.0096 | AB80: 121 | AC80: 45 | AD80: 6 | AE80: 9760 | AG80: 75 | AH80: 16 | AI80: 8 | AJ80: 2410
B81: S-BR-4 | C81: 9 | D81: 3.365 | E81: #REF! | F81: 72 | G81: 34 | H81: 4 | I81: 3365 | J81: 0.009792 | K81: 28.346472 | L81: 13.385834 | M81: 1.574804 | N81: 3.365 | P81: 3496.8243 | Q81: 0.037698283 | S81: 2.5386667 | T81: 0.82633333 | V81: 75 | W81: 32.5 | X81: 6.5 | Y81: 3260 | Z81: 0.01584375 | AB81: 72 | AC81: 17 | AD81: 5.5 | AE81: 2350 | AG81: 65 | AH81: 33.5 | AI81: 6 | AJ81: 3000
B82: S-BR-6 | C82: 101 | D82: 5.135 | E82: #REF! | F82: 65.2 | G82: 34.5 | H82: 5 | I82: 5135 | J82: 0.011247 | K82: 25.669305 | L82: 13.582685 | M82: 1.968505 | N82: 5.135 | P82: 5084.6509 | Q82: -0.0099021689 | S82: 2.9158889 | T82: 2.2191111 | V82: 66 | W82: 43.5 | X82: 6.5 | Y82: 5030 | Z82: 0.0186615 | AB82: 72 | AC82: 34 | AD82: 4 | AE82: 3365 | AG82: 66 | AH82: 33 | AI82: 8 | AJ82: 4635
B83: S-BR-F6 | C83: 94 | D83: 6.025 | E83: #REF! | F83: 120 | G83: 29 | H83: 5.5 | I83: 6025 | J83: 0.01914 | K83: 47.24412 | L83: 11.417329 | M83: 2.1653555 | N83: 6.025 | P83: 6222.4991 | Q83: 0.03173951 | S83: 4.9622222 | T83: 1.0627778 | V83: 119.5 | W83: 26.5 | X83: 8 | Y83: 5030 | Z83: 0.025334 | AB83: 65 | AC83: 35 | AD83: 5 | AE83: 4680 | AG83: 117 | AH83: 28 | AI83: 8 | AJ83: 6315
B84: SB-SML | C84: #N/A | D84: 18.975 | E84: #REF! | F84: 127 | G84: 31 | H84: 9.5 | I84: 18975 | J84: 0.0374015 | K84: 50.000027 | L84: 12.204731 | M84: 3.7401595 | N84: 18.975 | P84: 20441.692 | Q84: 0.071750028 | S84: 9.6966852 | T84: 9.2783148
B85: SB-WA | C85: 67 | D85: 7.395 | E85: #REF! | F85: 145 | G85: 30.2 | H85: 4 | I85: 7395 | J85: 0.017516 | K85: 57.086645 | L85: 11.88977 | M85: 1.574804 | N85: 7.395 | P85: 7014.0894 | Q85: -0.05430649 | S85: 4.5411852 | T85: 2.8538148 | V85: 144.5 | W85: 29 | X85: 6.5 | Y85: 6900 | Z85: 0.02723825 | AB85: 118 | AC85: 27 | AD85: 5 | AE85: 5875 | AG85: 145 | AH85: 29.5 | AI85: 6 | AJ85: 7580
B86: SB-WA-WM | C86: 26 | D86: 7.6 | E86: #REF! | F86: 145.5 | G86: 20.5 | H86: 7 | I86: 7600 | J86: 0.02087925 | K86: 57.283496 | L86: 8.0708705 | M86: 2.755907 | N86: 7.6 | P86: 7537.2811 | Q86: -0.008321151 | S86: 5.4131389 | T86: 2.1868611 | V86: 114.5 | W86: 19 | X86: 9.5 | Y86: 7500 | Z86: 0.02066725 | AB86: 143 | AC86: 30 | AD86: 4 | AE86: 7370
B87: S-CK-2 | C87: 33 | D87: 1.33 | E87: #REF! | F87: 33.5 | G87: 32.5 | H87: 7 | I87: 1330 | J87: 0.00762125 | K87: 13.188984 | L87: 12.795283 | M87: 2.755907 | N87: 1.33 | P87: 1049.9816 | Q87: -0.26668882 | S87: 1.9758796 | T87: -0.64587963 | V87: 34 | W87: 34 | X87: 8 | Y87: 1170 | Z87: 0.009248 | AB87: 143 | AC87: 20 | AD87: 7 | AE87: 7530
B88: S-ED | C88: 6 | D88: #N/A | E88: #REF! | F88: #N/A | G88: #N/A | H88: #N/A | I88: #N/A | J88: #N/A | K88: #N/A | L88: #N/A | M88: #N/A | N88: #N/A | P88: 772.18057 | Q88: #N/A | S88: #N/A | T88: #N/A | V88: 34 | W88: 16 | X88: 14 | Y88: 1000 | Z88: 0.007616
B89: S-FE-W2 | C89: 36 | D89: 1.025 | E89: #REF! | F89: 20 | G89: 18 | H89: 7 | I89: 1025 | J89: 0.00252 | K89: 7.87402 | L89: 7.086618 | M89: 2.755907 | N89: 1.025 | P89: 618.45931 | Q89: -0.65734427 | S89: 0.65333333 | T89: 0.37166667 | V89: 22 | W89: 17 | X89: 12 | Y89: 980 | Z89: 0.004488 | AB89: 37 | AC89: 14 | AD89: 13 | AE89: 1450 | AG89: 22 | AH89: 18 | AI89: 12 | AJ89: 980
B90: S-LC | C90: 15 | D90: 1.52 | E90: #REF! | F90: 63 | G90: 17.5 | H90: 6 | I90: 1520 | J90: 0.006615 | K90: 24.803163 | L90: 6.8897675 | M90: 2.362206 | N90: 1.52 | P90: 1708.8353 | Q90: 0.11050525 | S90: 1.715 | T90: -0.195 | V90: 58 | W90: 17.2 | X90: 6.3 | Y90: 1300 | Z90: 0.00628488 | AB90: 22 | AC90: 17 | AD90: 12 | AE90: 980
B91: S-LO | C91: 105 | D91: 3.105 | E91: #REF! | F91: 111 | G91: 18 | H91: 4 | I91: 3105 | J91: 0.007992 | K91: 43.700811 | L91: 7.086618 | M91: 1.574804 | N91: 3.105 | P91: 3168.5477 | Q91: 0.020055784 | S91: 2.072 | T91: 1.033 | V91: 112 | W91: 16 | X91: 6 | Y91: 3210 | Z91: 0.010752 | AB91: 61 | AC91: 17 | AD91: 6 | AE91: 1520 | AG91: 112 | AH91: 17 | AI91: 6 | AJ91: 3110
B92: SL-TY-3 | C92: #N/A | D92: #N/A | E92: #REF! | F92: #N/A | G92: #N/A | H92: #N/A | I92: #N/A | J92: #N/A | K92: #N/A | L92: #N/A | M92: #N/A | N92: #N/A | P92: 12552.382 | Q92: #N/A | S92: #N/A | T92: #N/A | V92: 52 | W92: 37 | X92: 21 | Y92: 13900 | Z92: 0.040404 | AB92: 109 | AC92: 17 | AD92: 4 | AE92: 3600 | AG92: 53 | AH92: 37 | AI92: 21 | AJ92: 13130
B93: SL-TY-B | C93: 35 | D93: 4.175 | E93: #REF! | F93: 42 | G93: 34 | H93: 6.5 | I93: 4175 | J93: 0.009282 | K93: 16.535442 | L93: 13.385834 | M93: 2.5590565 | N93: 4.175 | P93: 4104.5052 | Q93: -0.017174974 | S93: 2.4064444 | T93: 1.7685556 | V93: 42 | W93: 34 | X93: 10 | Y93: 4100 | Z93: 0.01428 | AG93: 42 | AH93: 34 | AI93: 9.5 | AJ93: 4115
B94: SL-TY-S | C94: 29 | D94: 2.6 | E94: #REF! | F94: 27 | G94: 39 | H94: 7 | I94: 2600 | J94: 0.007371 | K94: 10.629927 | L94: 15.354339 | M94: 2.755907 | N94: 2.6 | P94: 2744.1011 | Q94: 0.052513027 | S94: 1.911 | T94: 0.689 | V94: 41.5 | W94: 27 | X94: 10 | Y94: 2600 | Z94: 0.011205 | AB94: 42 | AC94: 33 | AD94: 8 | AE94: 3510
B95: SL-VE-18 | C95: 3 | D95: 3.8 | E95: #REF! | F95: 59 | G95: 49 | H95: 8.5 | I95: 3800 | J95: 0.0245735 | K95: 23.228359 | L95: 19.291349 | M95: 3.3464585 | N95: 3.8 | P95: 2891.6538 | Q95: -0.31412689 | S95: 6.3709074 | T95: -2.5709074 | V95: 59 | W95: 49 | X95: 8.5 | Y95: 3300 | Z95: 0.0245735 | AB95: 41 | AC95: 27 | AD95: 8 | AE95: 2360 | AG95: 59 | AH95: 49 | AI95: 8 | AJ95: 3140
B96: SL-VE-24 | C96: #N/A | D96: 0 | E96: #REF! | F96: 0 | G96: 0 | H96: 0 | I96: 0 | J96: 0 | K96: 0 | L96: 0 | M96: 0 | N96: 0 | P96: 4612.601 | Q96: 1 | S96: 0 | T96: 0 | V96: 73 | W96: 64 | X96: 9 | Y96: 5500 | Z96: 0.042048 | AG96: 74 | AH96: 63 | AI96: 10 | AJ96: 5290
B97: SL-VE-P | C97: 15 | D97: 1.64 | E97: #REF! | F97: 49.5 | G97: 28.5 | H97: 8.5 | I97: 1640 | J97: 0.011991375 | K97: 19.4882 | L97: 11.220479 | M97: 3.3464585 | N97: 1.64 | P97: 1621.6566 | Q97: -0.011311488 | S97: 3.108875 | T97: -1.468875 | V97: 51 | W97: 29 | X97: 8.5 | Y97: 1800 | Z97: 0.0125715 | AG97: 51 | AH97: 28 | AI97: 8 | AJ97: 1665
B98: S-MO-3 | C98: 9 | D98: 2.76 | E98: #REF! | F98: 24.5 | G98: 24.5 | H98: 12 | I98: 2760 | J98: 0.007203 | K98: 9.6456745 | L98: 9.6456745 | M98: 4.724412 | N98: 2.76 | P98: 2835.1727 | Q98: 0.026514333 | S98: 1.8674444 | T98: 0.89255556 | V98: 26.5 | W98: 26.5 | X98: 19.5 | Y98: 2900 | Z98: 0.013693875 | AB98: 49 | AC98: 29 | AD98: 9 | AE98: 1595 | AG98: 26 | AH98: 26 | AI98: 19.5 | AJ98: 2900
B99: S-MO-5 | C99: 14 | D99: 4.03 | E99: #REF! | F99: 24.5 | G99: 24.5 | H99: 18 | I99: 4030 | J99: 0.0108045 | K99: 9.6456745 | L99: 9.6456745 | M99: 7.086618 | N99: 4.03 | P99: 4297.0637 | Q99: 0.062150285 | S99: 2.8011667 | T99: 1.2288333 | V99: 26.5 | W99: 26.5 | X99: 26.5 | Y99: 4450 | Z99: 0.018609625 | AG99: 26 | AH99: 26 | AI99: 25.5 | AJ99: 4415
B100: SR-BKN-2 | C100: #N/A | D100: 23.135 | E100: #REF! | F100: 81 | G100: 42 | H100: 14 | I100: 23135 | J100: 0.047628 | K100: 31.889781 | L100: 16.535442 | M100: 5.511814 | N100: 23.135 | P100: #N/A | Q100: #N/A | S100: 12.348 | T100: 10.787
...

Sheet DW (Dec18 Old)
E1: Long | F1: Med | G1: Smal | H1: ACTUALS | I1: x | J1: Long | K1: Med | L1: Smal | M1: 43435 | N1: x | O1: Long | P1: Med | Q1: Smal | R1: Audit | S1: x | T1: Audit Remarks
B2: seller-sku | C2: Comp | D2: Chk | E2: Lcm | F2: Bcm | G2: Hcm | H2: PW(gm) | J2: Lcm | K2: Bcm | L2: Hcm | M2: PW(gm) | O2: Lcm | P2: Bcm | Q2: Hcm | R2: PW(gm) | T2: BOM WT
B3: AV-IP-01 | D3: #REF! | E3: 27 | F3: 16 | G3: 1 | H3: 120 | T3: 0
B4: AV-MF-01C3 | D4: #REF! | E4: 10 | F4: 6 | G4: 0.2 | H4: 50 | T4: 0
B5: BT-HE | D5: #REF! | E5: 43 | F5: 40 | G5: 8.5 | H5: 2350 | J5: 42 | K5: 38 | L5: 11 | M5: 4680 | T5: 4672.1494
B6: BT-LE-B | D6: #REF! | E6: 59 | F6: 44.5 | G6: 10.5 | H6: 8900 | T6: 8813.4698
B7: BT-LE-S | D7: #REF! | E7: 65 | F7: 57.5 | G7: 11.5 | H7: 14500 | O7: 64 | P7: 58 | Q7: 12.5 | R7: 14365 | T7: 14057.127
B8: BT-ML | D8: #REF! | E8: 44.5 | F8: 44 | G8: 6 | H8: 3180 | T8: 3058.6647
B9: BT-OL | D9: #REF! | E9: 50 | F9: 42.5 | G9: 10 | H9: 8000 | J9: 48.5 | K9: 45 | L9: 7 | M9: 7785 | T9: 8064.5757
B10: BT-BR | D10: #REF! | E10: 39 | F10: 39 | G10: 5 | H10: 2600 | T10: 2654.3592
B11: BTS-LG-12x2 | D11: #REF! | E11: 34 | F11: 16.5 | G11: 6 | H11: 320 | T11: 555.0359
B12: BTS-LG-18x2 | D12: #REF! | E12: 52 | F12: 16.5 | G12: 6 | H12: 460 | T12: 798.71197
B13: BTS-LGC-8x2 | D13: #REF! | E13: 23 | F13: 23 | G13: 6 | H13: 240 | T13: 407.39944
B14: CS-VW-4 | D14: #REF! | E14: 13.5 | F14: 13 | G14: 9 | H14: 280 | O14: 14 | P14: 14 | Q14: 9 | R14: 280 | T14: 245.8352
B15: CS-VW-6 | D15: #REF! | E15: 13.5 | F15: 13 | G15: 9 | H15: 400 | O15: 14 | P15: 14 | Q15: 9 | R15: 410 | T15: 429.61199
B16: CT-BR-RT | D16: #REF! | E16: 82 | F16: 44 | G16: 6.5 | H16: 8400 | T16: 7732.9805
B17: CT-BR-SQ | D17: #REF! | E17: 67 | F17: 67 | G17: 6.5 | H17: 9850 | T17: 445.055
B18: CT-LE | D18: #REF! | E18: 132 | F18: 56.5 | G18: 8 | H18: 20300 | O18: 132.5 | P18: 60 | Q18: 9 | R18: 20410 | T18: 18973.92
B19: CT-ML-RT | D19: #REF! | E19: 87 | F19: 49 | G19: 6 | H19: 4700 | T19: 4810.2687
B20: CT-ML-SQ | D20: #REF! | E20: 69 | F20: 69 | G20: 6 | H20: 4900 | T20: 4757.7567
B21: CT-NO-RT | D21: #REF! | E21: 100 | F21: 49 | G21: 8 | H21: 13400 | J21: 99 | K21: 50 | L21: 5 | M21: 13335 | O21: 100 | P21: 49.5 | Q21: 8 | R21: 14325 | T21: 20355.2
B22: CT-NO-SQ | D22: #REF! | E22: 77 | F22: 77 | G22: 8 | H22: 14990 | J22: 76 | K22: 76 | L22: 5 | M22: 14725 | O22: 78 | P22: 78 | Q22: 9 | R22: 15995 | T22: 21649.338
B23: CT-OL | D23: #REF! | E23: 104.5 | F23: 46.5 | G23: 8 | H23: 13950 | T23: 13128.202
B24: CT-SY | D24: #REF! | E24: 89 | F24: 82 | G24: 9 | H24: 19000 | O24: 90 | P24: 83 | Q24: 9 | R24: 18220 | T24: 17241.888
B25: CT-VC | D25: #REF! | E25: 106.5 | F25: 48 | G25: 11.5 | H25: 21940 | J25: 106 | K25: 49.5 | L25: 8 | M25: 19370 | T25: 20027.407
B26: DT-HE-3 | D26: #REF! | E26: 87 | F26: 87 | G26: 5 | H26: 10000 | T26: 10689.305
B27: DT-HE-4 | D27: #REF! | E27: 158 | F27: 80 | G27: 5 | H27: 16500 | T27: 14397.451
B28: DT-MR | D28: #REF! | E28: 117 | F28: 42 | G28: 6 | H28: 5300 | T28: 5685.1457
B29: GH-CE | D29: #REF! | E29: 84 | F29: 34 | G29: 6 | H29: 3610 | J29: 83 | K29: 37 | L29: 10 | M29: 3120 | T29: 3124.048
B30: GH-IS | D30: #REF! | E30: 31 | F30: 27 | G30: 6 | H30: 1170 | J30: 30 | K30: 26.5 | L30: 6 | M30: 1225 | T30: 1358.1119
B31: KH-AM | D31: #REF! | E31: 28 | F31: 20 | G31: 7.5 | H31: 475 | J31: 25 | K31: 20 | L31: 7 | M31: 425 | O31: 28 | P31: 20 | Q31: 7.5 | R31: 490 | T31: 395.25271
B32: KH-ND-12 | D32: #REF! | E32: 24 | F32: 16 | G32: 5.5 | H32: 350 | J32: 28 | K32: 18.5 | L32: 6 | M32: 520 | O32: 28 | P32: 19 | Q32: 6 | R32: 490 | T32: 375.93308
B33: KH-ND-6 | D33: #REF! | E33: 24 | F33: 11 | G33: 5.5 | H33: 210 | J33: 37 | K33: 10 | L33: 6 | M33: 320 | O33: 37 | P33: 10 | Q33: 6 | R33: 325 | T33: 230.2622
B34: KH-RZ | D34: #REF! | E34: 34 | F34: 23 | G34: 8 | H34: 865 | J34: 34 | K34: 33 | L34: 6.5 | M34: 910 | O34: 34 | P34: 24 | Q34: 8 | R34: 620 | T34: 597.40917
B35: KH-SP-W5 | D35: #REF! | E35: 28 | F35: 20 | G35: 8 | H35: 585 | J35: 28 | K35: 20 | L35: 8 | M35: 580 | O35: 25 | P35: 20 | Q35: 8 | R35: 580 | T35: 490.67321
B36: KH-SP-W9 | D36: #REF! | E36: 35 | F36: 32 | G36: 6.5 | H36: 1600 | J36: 33.5 | K36: 32.5 | L36: 6 | M36: 1725 | O36: 34 | P36: 33 | Q36: 7 | R36: 1620 | T36: 993.55902
B37: KHS-SW-W1 | D37: #REF! | E37: 28 | F37: 19 | G37: 6 | H37: 855 | J37: 28 | K37: 19 | L37: 6 | M37: 880 | O37: 28 | P37: 19 | Q37: 6 | R37: 835 | T37: 640.95739
B38: KH-SW-W10 | D38: #REF! | E38: 24 | F38: 24 | G38: 6.5 | H38: 570 | J38: 24 | K38: 24 | L38: 6.5 | M38: 480 | O38: 24 | P38: 24 | Q38: 7 | R38: 530 | T38: 460.54061
B39: KH-SW-W21 | D39: #REF! | E39: 34.5 | F39: 33 | G39: 6.5 | H39: 1300 | J39: 34 | K39: 32.5 | L39: 7 | M39: 1260 | O39: 34 | P39: 33 | Q39: 6 | R39: 1300 | T39: 901.94
B40: KH-SW-WB | D40: #REF! | E40: 36.5 | F40: 10 | G40: 5.5 | H40: 305 | O40: 37 | P40: 10 | Q40: 6 | R40: 315 | T40: 226.40714
B41: KH-SW-WS | D41: #REF! | E41: 24 | F41: 6 | G41: 6 | H41: 200 | O41: 24 | P41: 6 | Q41: 6 | R41: 200 | T41: 165.6781
B42: KH-VD | D42: #REF! | E42: 25 | F42: 16.5 | G42: 7 | H42: 350 | J42: 24 | K42: 16 | L42: 6 | M42: 340 | O42: 24 | P42: 16 | Q42: 6.5 | R42: 310 | T42: 287.50324
B43: LT-ML | D43: #REF! | E43: 64 | F43: 33.5 | G43: 5 | H43: 2400 | O43: 67 | P43: 42 | Q43: 7 | R43: 2970 | T43: 2169.047
B44: LT-MR | D44: #REF! | E44: 67 | F44: 34 | G44: 5.5 | H44: 3350 | O44: 67 | P44: 42 | Q44: 7 | R44: 2970 | T44: 3390.7068
B45: LT-RD-AW | D45: #REF! | E45: 65 | F45: 36.5 | G45: 6 | H45: 2650 | T45: 2908.777
B46: M-AK-B | D46: #REF! | E46: 172.5 | F46: 65 | G46: 6 | H46: 20300 | O46: 172 | P46: 65 | Q46: 6 | R46: 20460 | T46: 13852.57
B47: M-AK-S | D47: #REF! | E47: 79 | F47: 62.5 | G47: 5.5 | H47: 8000 | T47: 4549.7771
B48: MH-A2 | D48: #REF! | E48: 11 | F48: 8 | G48: 5.5 | H48: 50 | T48: #N/A
B49: MH-A4L | D49: #REF! | E49: 13 | F49: 13 | G49: 9 | H49: 100 | T49: #N/A
B50: MH-A4S | D50: #REF! | E50: 13 | F50: 13 | G50: 9 | H50: 100 | T50: #N/A
B51: MH-A5L | D51: #REF! | E51: 20 | F51: 13 | G51: 9 | H51: 200 | T51: #N/A
B52: MH-A5S | D52: #REF! | E52: 13 | F52: 13 | G52: 9 | H52: 100 | T52: #N/A
B53: MH-A6L | D53: #REF! | E53: 13 | F53: 13 | G53: 9 | H53: 100 | T53: #N/A
B54: MH-A6S | D54: #REF! | E54: 13 | F54: 13 | G54: 9 | H54: 100 | T54: #N/A
B55: MH-A7L | D55: #REF! | E55: 13 | F55: 13 | G55: 9 | H55: 100 | T55: #N/A
B56: MH-A7S | D56: #REF! | E56: 13 | F56: 13 | G56: 9 | H56: 100 | T56: #N/A
B57: MH-EA-4 | D57: #REF! | E57: 15 | F57: 11 | G57: 10 | H57: 150 | O57: 22 | P57: 14 | Q57: 8 | R57: 250 | T57: #N/A
B58: MH-WSB-2 | D58: #REF! | E58: 13 | F58: 13 | G58: 9 | H58: 200 | T58: #N/A
B59: MH-WSB-3 | D59: #REF! | E59: 13 | F59: 13 | G59: 9 | H59: 250 | T59: #N/A
B60: PC-AY-L | D60: #REF! | E60: 13.5 | F60: 13 | G60: 9.5 | H60: 232 | T60: 269.0526
B61: PC-AY-S | D61: #REF! | E61: 18 | F61: 18 | G61: 7 | H61: 304 | J61: 13 | K61: 13 | L61: 9 | M61: 240 | T61: 144.144
B62: PC-SM-L | D62: #REF! | E62: 18 | F62: 18 | G62: 6.5 | H62: 250 | J62: 14 | K62: 14 | L62: 9 | M62: 175 | O62: 18 | P62: 18 | Q62: 6.5 | R62: 180 | T62: 146.25142
B63: PC-SM-S | D63: #REF! | E63: 13 | F63: 13 | G63: 7 | H63: 200 | O63: 13.5 | P63: 13 | Q63: 9 | R63: 180 | T63: 149.0591
B64: RG-SN-C1 | D64: #REF! | E64: 22 | F64: 13 | G64: 9 | H64: 350 | T64: 329.18428
B65: RG-SN-NR-P2 | D65: #REF! | E65: 22 | F65: 13 | G65: 9 | H65: 270 | T65: 313.13516
B66: RG-SN-TH | D66: #REF! | E66: 22 | F66: 13 | G66: 9 | H66: 270 | T66: 172.6167
B67: RG-WH-SW-W4 | D67: #REF! | E67: 37 | F67: 10 | G67: 6 | H67: 360 | O67: 37 | P67: 10 | Q67: 6 | R67: 320 | T67: 257.15014
B68: RG-WH-SW-W6 | D68: #REF! | E68: 37 | F68: 10 | G68: 6 | H68: 435 | O68: 37 | P68: 10 | Q68: 6 | R68: 455 | T68: 377.03904
B69: RG-WSC-SW-W12 | D69: #REF! | E69: 34 | F69: 34 | G69: 6.5 | H69: 1200 | O69: 36 | P69: 34 | Q69: 6 | R69: 1200 | T69: 752.2253
B70: RG-WS-SW-W18 | D70: #REF! | E70: 51 | F70: 25.5 | G70: 4.5 | H70: 1420 | T70: 1147.0835
B71: RG-WS-SW-W24 | D71: #REF! | E71: 66.5 | F71: 26 | G71: 4.5 | H71: 1800 | T71: 1490.075
B72: RG-WS-SW-W30 | D72: #REF! | E72: 66.5 | F72: 25 | G72: 4.5 | H72: 2400 | T72: 1844.8937
B73: RH-OT | D73: #REF! | E73: 25 | F73: 21 | G73: 12 | H73: 740 | J73: 25 | K73: 21 | L73: 10 | M73: 920 | O73: 25 | P73: 20 | Q73: 12 | R73: 680 | T73: 885.49458
B74: RH-SU-2-2 | D74: #REF! | E74: 39 | F74: 13 | G74: 7 | H74: 450 | O74: 37.5 | P74: 13 | Q74: 7 | R74: 445 | T74: 287.35574
B75: RH-SU-4 | D75: #REF! | E75: 37.5 | F75: 13 | G75: 7 | H75: 430 | J75: 37.5 | K75: 13 | L75: 7 | M75: 430 | O75: 38 | P75: 13 | Q75: 7 | R75: 420 | T75: 269.39601
B76: RH-RL | D76: #REF! | E76: 20 | F76: 16.5 | G76: 15.5 | H76: 540 | T76: 737.1058
B77: RT-FR | D77: #REF! | E77: 168 | F77: 79 | G77: 7.5 | H77: 24700 | T77: 18573.125
B78: RT-RI | D78: #REF! | E78: 105 | F78: 56 | G78: 7 | H78: 9800 | J78: 101 | K78: 55 | L78: 3.5 | M78: 9600 | T78: 6979.9581
B79: RT-T | D79: #REF! | E79: 49.7 | F79: 15.5 | G79: 6.5 | H79: 1500 | T79: #N/A
B80: S-AB | D80: #REF! | E80: 95 | F80: 33 | G80: 8 | H80: 6100 | J80: 94.5 | K80: 34 | L80: 5.5 | M80: 5920 | T80: 7140.6583
B81: S-AE | D81: #REF! | E81: 187 | F81: 40 | G81: 11 | H81: 22000 | J81: 187 | K81: 35 | L81: 6 | M81: 18690 | T81: 3178.4217
B82: S-AO | D82: #REF! | E82: 91 | F82: 25 | G82: 8 | H82: 5700 | J82: 84 | K82: 26 | L82: 5 | M82: 5765 | O82: 91 | P82: 25 | Q82: 8 | R82: 5880 | T82: 6381.0479
B83: S-AX | D83: #REF! | E83: 56.5 | F83: 15.5 | G83: 8 | H83: 1400 | O83: 58 | P83: 16 | Q83: 7 | R83: 1365 | T83: 1898.6597
B84: SB-AA | D84: #REF! | E84: 25.5 | F84: 16 | G84: 14.5 | H84: 1650 | O84: 26 | P84: 16 | Q84: 14 | R84: 1650 | T84: 1442.9063
B85: SB-AL-2 | D85: #REF! | E85: 22.5 | F85: 18.5 | G85: 14 | H85: 1500 | T85: 1539.0564
B86: SB-AL-4 | D86: #REF! | E86: 25.5 | F86: 19 | G86: 23.5 | H86: 3000 | T86: 3127.0688
B87: SB-AXA-2 | D87: #REF! | E87: 87 | F87: 39 | G87: 14.5 | H87: 18300 | J87: 83 | K87: 34 | L87: 9 | M87: 14320 | T87: 14533.894
B88: SB-AXA-31 | D88: #REF! | E88: 134 | F88: 44.5 | G88: 11.5 | H88: 22800 | T88: 19020.412
B89: SB-AXA-32 | D89: #REF! | E89: 166 | F89: 36.5 | G89: 13 | H89: 22500 | T89: 20101.231
B90: SB-AXA-4 | D90: #REF! | E90: 164 | F90: 36.5 | G90: 13 | H90: 27800 | J90: 159 | K90: 32.5 | L90: 9.5 | M90: 25750 | T90: 25312.099
B91: SB-AXA-51 | D91: #REF! | E91: 172.5 | F91: 36.5 | G91: 11 | H91: 22500 | J91: 172 | K91: 33 | L91: 7 | M91: 20370 | T91: 20351.226
B92: SB-AXA-52 | D92: #REF! | E92: 172.3 | F92: 36.5 | G92: 13 | H92: 35000 | T92: 30478.03
B93: SB-CA | D93: #REF! | E93: 3 | F93: 16 | G93: 6 | H93: 2900 | J93: 71.5 | K93: 16 | L93: 6 | M93: 2945 | O93: 73 | P93: 16 | Q93: 8 | R93: 2890 | T93: 2966.9406
B94: SB-CS | D94: #REF! | E94: 97 | F94: 24 | G94: 11.5 | H94: 7600 | J94: 98 | K94: 29 | L94: 8.5 | M94: 6885 | T94: #N/A
B95: SB-OS | D95: #REF! | E95: 122 | F95: 44 | G95: 7.5 | H95: 10100 | J95: 67 | K95: 17 | L95: 10 | M95: 3350 | T95: 5121.9593
B96: SB-PH | D96: #REF! | E96: 75 | F96: 16 | G96: 8 | H96: 2500 | J96: 121 | K96: 45 | L96: 6 | M96: 9760 | O96: 75 | P96: 16 | Q96: 8 | R96: 2410 | T96: 2484.8232
B97: S-BR-4 | D97: #REF! | E97: 75 | F97: 32.5 | G97: 6.5 | H97: 3260 | J97: 72 | K97: 17 | L97: 5.5 | M97: 2350 | O97: 65 | P97: 33.5 | Q97: 6 | R97: 3000 | T97: 3496.8243
B98: S-BR-6 | D98: #REF! | E98: 66 | F98: 43.5 | G98: 6.5 | H98: 5030 | J98: 72 | K98: 34 | L98: 4 | M98: 3365 | O98: 66 | P98: 33 | Q98: 8 | R98: 4635 | T98: 5084.6509
B99: S-BR-F6 | D99: #REF! | E99: 119.5 | F99: 26.5 | G99: 8 | H99: 5030 | J99: 65 | K99: 35 | L99: 5 | M99: 4680 | O99: 117 | P99: 28 | Q99: 8 | R99: 6315 | T99: 6222.4991
B100: SB-WA | D100: #REF! | E100: 144.5 | F100: 29 | G100: 6.5 | H100: 6900 | J100: 118 | K100: 27 | L100: 5 | M100: 5875 | O100: 145 | P100: 29.5 | Q100: 6 | R100: 7580 | T100: 7014.0894
...

Sheet Physical weight.OLD
B1: Box 01 | F1: Box 02 | J1: Box 03 | O1: 45263
A2: Seller-sku | B2: L | C2: B | D2: H | E2: Weight kg | F2: L | G2: B | H2: H | I2: Weight kg | J2: L | K2: B | L2: H | M2: Weight kg | N2: Total Weight
A3: B-MLT-KTFW | B3: 204 | C3: 39 | D3: 6 | E3: 26.8 | F3: 190 | G3: 80 | H3: 6 | I3: 32.1 | J3: 107 | K3: 96 | L3: 7 | M3: 40.4 | N3: =E3+I3+M3 -> 99.3
A4: B-MLT-QTFW | B4: 206 | C4: 38 | D4: 7 | E4: 25.77 | F4: 162 | G4: 82 | H4: 5 | I4: 28 | J4: 106 | K4: 80 | L4: 7 | M4: 35 | N4: =E4+I4+M4 -> 88.77
A5: B-POL-KTFW | B5: 207 | C5: 38 | D5: 8 | E5: 34.8 | F5: 192 | G5: 40 | H5: 6 | I5: 22.7 | J5: 107 | K5: 96 | L5: 7 | M5: 40.4 | N5: =E5+I5+M5 -> 97.9
A6: B-POL-QTFW | B6: 202 | C6: 40 | D6: 9 | E6: 34.29 | F6: 162 | G6: 40 | H6: 6 | I6: 18.85 | J6: 105 | K6: 82 | L6: 7 | M6: 37.4 | N6: =E6+I6+M6 -> 90.54
A7: B-POL-SNLF | B7: 204 | C7: 48 | D7: 9 | E7: 32.2 | F7: 112 | G7: 57 | H7: 3 | I7: 15.5 | N7: =E7+I7+M7 -> 47.7
A8: B-RVB.P-LF | B8: 199 | C8: 38 | D8: 8 | E8: 32.4 | F8: 98 | G8: 54 | H8: 5 | I8: 15.45 | N8: =E8+I8+M8 -> 47.85
A9: B-RVB-KNLF | B9: 207 | C9: 50 | D9: 8 | E9: 46.66 | F9: 105 | G9: 96 | H9: 5 | I9: 29.6 | N9: =E9+I9+M9 -> 76.26
A10: B-RVB-KNM | B10: 199 | C10: 38 | D10: 8 | E10: 32.4 | F10: 98 | G10: 54 | H10: 5 | I10: 15.45 | N10: =E10+I10+M10 -> 47.85
A11: B-RVB-KNW | B11: 207 | C11: 50 | D11: 8 | E11: 46.66 | F11: 105 | G11: 96 | H11: 5 | I11: 29.6 | N11: =E11+I11+M11 -> 76.26
A12: B-RVB-KNWF | B12: 207 | C12: 50 | D12: 8 | E12: 46.66 | F12: 105 | G12: 96 | H12: 5 | I12: 29.6 | N12: =E12+I12+M12 -> 76.26
A13: B-RVBL.E-M | B13: 193 | C13: 42 | D13: 9 | E13: 37.535 | N13: =E13+I13+M13 -> 37.535
A14: B-RVB-QNLF | B14: 205 | C14: 50 | D14: 8 | E14: 41.95 | F14: 106 | G14: 84 | H14: 5 | I14: 23.5 | N14: =E14+I14+M14 -> 65.45
A15: B-RVB-QNM | B15: 205 | C15: 50 | D15: 8 | E15: 41.95 | F15: 106 | G15: 84 | H15: 5 | I15: 23.5 | N15: =E15+I15+M15 -> 65.45
A16: B-RVB-QNW | B16: 205 | C16: 50 | D16: 8 | E16: 41.95 | F16: 106 | G16: 84 | H16: 5 | I16: 23.5 | N16: =E16+I16+M16 -> 65.45
A17: B-RVB-QNWF | B17: 205 | C17: 50 | D17: 8 | E17: 41.95 | F17: 106 | G17: 84 | H17: 5 | I17: 23.5 | N17: =E17+I17+M17 -> 65.45
A18: B-RVB-SNM | B18: 199 | C18: 38 | D18: 8 | E18: 31.72 | F18: 99 | G18: 54 | H18: 5 | I18: 13.21 | N18: =E18+I18+M18 -> 44.93
A19: BT-CO-WF | B19: 72 | C19: 39 | D19: 5 | E19: 6.47 | N19: =E19+I19+M19 -> 6.47
A20: BT-HE-W | B20: 42 | C20: 41 | D20: 6 | E20: 5 | N20: =E20+I20+M20 -> 5
A21: BT-LE-WB | N21: =E21+I21+M21 -> 0
A22: BT-LE-WS | N22: =E22+I22+M22 -> 0
A23: BT-OL-DWF | B23: 60 | C23: 44 | D23: 7 | E23: 10.49 | N23: =E23+I23+M23 -> 10.49
A24: BT-OL-W | B24: 51 | C24: 44 | D24: 6 | E24: 8.3 | N24: =E24+I24+M24 -> 8.3
A25: CMB-RELO-W | N25: =E26+I25+M25 -> 0.29
A26: CS-VW-CF4 | B26: 15 | C26: 15 | D26: 8 | E26: 0.29 | N26: =E27+I26+M26 -> 0.4
A27: CS-VW-CF6 | B27: 15 | C27: 15 | D27: 8 | E27: 0.4 | N27: =E27+I27+M27 -> 0.4
A28: CT-ATD-LAWF | B28: 123 | C28: 56 | D28: 5 | E28: 24.49 | N28: =E28+I28+M28 -> 24.49
A29: CT-ATD-SWF | B29: 112 | C29: 51 | D29: 5 | E29: 16.1 | N29: =E29+I29+M29 -> 16.1
A30: CT-CTA.P-LF | B30: 84 | C30: 71 | D30: 8 | E30: 13.57 | N30: =E30+I30+M30 -> 13.57
A31: CT-DOV-WF | B31: 110 | C31: 50 | D31: 8 | E31: 24.67 | N31: =E31+I31+M31 -> 24.67
A32: CT-GSE-RTF | B32: 99 | C32: 50 | D32: 4 | E32: 6.12 | N32: =E32+I32+M32 -> 6.12
A33: CT-GSE-RTF2 | B33: 98 | C33: 51 | D33: 4 | E33: 11.39 | N33: =E33+I33+M33 -> 11.39
A34: CT-GSE-SQF | B34: 75 | C34: 75 | D34: 4 | E34: 8.2 | N34: =E34+I34+M34 -> 8.2
A35: CT-GSE-SQF2 | B35: 77 | C35: 76 | D35: 4 | E35: 11.27 | N35: =E35+I35+M35 -> 11.27
A36: CT-KV-RTW | B36: 105 | C36: 51 | D36: 7 | E36: 15.8 | N36: =E36+I36+M36 -> 15.8
A37: CT-KV-SQW | B37: 81 | C37: 80 | D37: 7 | E37: 16.9 | N37: =E37+I37+M37 -> 16.9
A38: CT-LE-W | B38: 114 | C38: 56 | D38: 7 | E38: 9.4 | N38: =E38+I38+M38 -> 9.4
... A40: CT-MD-SQW | B40: 85 | C40: 84 | D40: 6 | E40: 17.4 | N40: =E40+I40+M40 -> 17.4
A41: CT-MT-ROW | B41: 92 | C41: 88 | D41: 4 | E41: 7.2 | F41: 52 | G41: 12 | H41: 12 | I41: 1.55 | N41: =E41+I41+M41 -> 8.75
A42: CT-MT-RTW | B42: 100 | C42: 92 | D42: 4 | E42: 5.9 | F42: 52 | G42: 12 | H42: 12 | I42: 1.84 | N42: =E42+I42+M42 -> 7.74
A43: CT-MT-SQWF | B43: 80 | C43: 80 | D43: 5 | E43: 6.195 | F43: 52 | G43: 12 | H43: 12 | I43: 1.84 | N43: =E43+I43+M43 -> 8.035
A44: CT-NO-RTW | B44: 100 | C44: 50 | D44: 5 | E44: 13.31 | N44: =E44+I44+M44 -> 13.31
A45: CT-NO-SQW | B45: 75 | C45: 75 | D45: 5 | E45: 15.1 | N45: =E45+I45+M45 -> 15.1
A46: CT-OL-W | B46: 101 | C46: 47 | D46: 5 | E46: 12.4 | N46: =E46+I46+M46 -> 12.4
A47: CT-OSN-OVW | B47: 105 | C47: 65 | D47: 4 | E47: 9.64 | N47: =E47+I47+M47 -> 9.64
A48: CT-OSN-RTW | B48: 104 | C48: 59 | D48: 5 | E48: 10 | N48: =E48+I48+M48 -> 10
A49: CT-SH.E-MI | B49: 95 | C49: 50 | D49: 7 | E49: 15.595 | N49: =E49+I49+M49 -> 15.595
A50: CT-SY-M | B50: 90 | C50: 80 | D50: 7 | E50: 16.45 | N50: =E50+I50+M50 -> 16.45
A51: CT-SY-W | B51: 90 | C51: 80 | D51: 7 | E51: 16.45 | N51: =E51+I51+M51 -> 16.45
A52: CT-TLY.E-MI | B52: 95 | C52: 50 | D52: 7 | E52: 16.45 | N52: =E52+I52+M52 -> 16.45
A53: CT-TR-RTWL | B53: 102 | C53: 57 | D53: 6 | E53: 15.85 | N53: =E53+I53+M53 -> 15.85
A54: CT-TR-RTWS | B54: 110 | C54: 50 | D54: 5 | E54: 12.75 | N54: =E54+I54+M54 -> 12.75
A55: CT-TYU.E-MI | N55: =E55+I55+M55 -> 0
A56: CT-VC-W | B56: 110 | C56: 49 | D56: 7 | E56: 18.47 | N56: =E56+I56+M56 -> 18.47
A57: DC-CLV-MF | B57: 85 | C57: 49 | D57: 7 | E57: 18.47 | N57: =E57+I57+M57 -> 18.47
A58: DC-MYN-LAMF | B58: 129 | C58: 49 | D58: 12 | E58: 43.22 | F58: 81 | G58: 46 | H58: 13 | I58: 24.545 | N58: =E58+I58+M58 -> 67.765
A59: DC-MYN-STMF | B59: 85 | C59: 50 | D59: 18 | E59: 40.84 | N59: =E59+I59+M59 -> 40.84
A60: DT-GRA-W | B60: 67 | C60: 40 | D60: 4 | E60: 5.35 | N60: =E60+I60+M60 -> 5.35
A61: DT-HE-4W | B61: 158 | C61: 82 | D61: 5 | E61: 15.11 | N61: =E61+I61+M61 -> 15.11
A62: DT-HE-W | B62: 85 | C62: 85 | D62: 5 | E62: 9.92 | N62: =E62+I62+M62 -> 9.92
A63: DT-MR-W | B63: 116 | C63: 40 | D63: 7 | E63: 5.8 | N63: =E63+I63+M63 -> 5.8
A64: FT-EDR.P-WF | N64: =E64+I64+M64 -> 0
A65: GH-CE-W | B65: 85 | C65: 35 | D65: 7 | E65: 3.7 | N65: =E65+I65+M65 -> 3.7
A66: GH-IS-W | B66: 39 | C66: 28 | D66: 5 | E66: 1.465 | N66: =E66+I66+M66 -> 1.465
A67: KH-AM-W | N67: =E67+I67+M67 -> 0
A68: KH-RZ-W | B68: 35 | C68: 32 | D68: 6 | E68: 0.9 | N68: =E68+I68+M68 -> 0.9
A69: KH-SP-W5 | B69: 25 | C69: 20 | D69: 5 | E69: 0.71 | N69: =E69+I69+M69 -> 0.71
A70: KH-SP-W9 | N70: =E70+I70+M70 -> 0
A71: KH-TO-18W | B71: 40 | C71: 30 | D71: 8 | E71: 3.7 | N71: =E71+I71+M71 -> 3.7
A72: KH-TO-40W | B72: 60 | C72: 35 | D72: 8 | E72: 5.245 | N72: =E72+I72+M72 -> 5.245
A73: KH-VD-YF | B73: 25 | C73: 20 | D73: 5 | E73: 0.97 | N73: =E73+I73+M73 -> 0.97
A74: KR-JSD-W | B74: 82 | C74: 20 | D74: 10 | E74: 7.5 | N74: =E74+I74+M74 -> 7.5
A75: LT-FN-W | B75: 67 | C75: 40 | D75: 4 | E75: 3.3 | N75: =E75+I75+M75 -> 3.3
A76: LT-GRA-W | N76: =E76+I76+M76 -> 0
A77: LT-MR-W | N77: =E77+I77+M77 -> 0
A78: M-AK-BW | N78: =E78+I78+M78 -> 0
A79: MH-EA-4 | N79: =E79+I79+M79 -> 0
A80: PC-AY-LW | N80: =E80+I80+M80 -> 0
A81: PU-SDI-STMF | B81: 73 | C81: 51 | D81: 8 | E81: 8.32 | N81: =E81+I81+M81 -> 8.32
A82: RD-AW-TM | B82: 64 | C82: 35 | D82: 6 | E82: 3.175 | N82: =E82+I82+M82 -> 3.175
A83: RG-KHS-SW-W1 | B83: 38 | C83: 19 | D83: 5 | E83: 0.84 | N83: =E83+I83+M83 -> 0.84
A84: RG-KH-SW-W10 | B84: 25 | C84: 24 | D84: 5 | E84: 1.2 | N84: =E84+I84+M84 -> 1.2
A85: RG-KH-SW-W21 | B85: 33 | C85: 32 | D85: 6 | E85: 1.2 | N85: =E85+I85+M85 -> 1.2
A86: RG-KH-SW-WB | B86: 36 | C86: 10 | D86: 5 | E86: 0.195 | N86: =E86+I86+M86 -> 0.195
A87: RG-SN-TH | N87: =E87+I87+M87 -> 0
A88: RH-OT-WW | B88: 24 | C88: 23 | D88: 9 | E88: 0.755 | N88: =E88+I88+M88 -> 0.755
A89: RH-RL-W | B89: 20 | C89: 18 | D89: 13 | E89: 0.71 | N89: =E89+I89+M89 -> 0.71
A90: RH-SU-B4 | N90: =E90+I90+M90 -> 0
A91: RH-SU-W2-P2 | N91: =E91+I91+M91 -> 0
A92: RT-ALY-W | B92: 130 | C92: 54 | D92: 9 | E92: 26.755 | N92: =E92+I92+M92 -> 26.755
A93: RT-AT-W | B93: 130 | C93: 42 | D93: 5 | E93: 18.275 | N93: =E93+I93+M93 -> 18.275
A94: RT-DR-W | B94: 136 | C94: 70 | D94: 10 | E94: 40.415 | N94: =E94+I94+M94 -> 40.415
A95: RT-FR-W | B95: 164 | C95: 77 | D95: 7 | E95: 25.81 | N95: =E95+I95+M95 -> 25.81
A96: RT-RI-MW | B96: 78 | C96: 62 | D96: 7 | E96: 7.69 | N96: =E96+I96+M96 -> 7.69
A97: RT-RI-W | B97: 103 | C97: 57 | D97: 7 | E97: 10.8 | N97: =E97+I97+M97 -> 10.8
A98: RT-T1-W | B98: 55 | C98: 19 | D98: 4 | E98: 1.1 | N98: =E98+I98+M98 -> 1.1
A99: S-AB-W4 | B99: 96 | C99: 36 | D99: 6 | E99: 6.21 | N99: =E99+I99+M99 -> 6.21
A100: S-AE-W6 | N100: =E100+I100+M100 -> 0
A101: S-AI-W | B101: 134 | C101: 20 | D101: 5 | E101: 4.205 | N101: =E101+I101+M101 -> 4.205
...

Sheet Archive
C1: Box 1 Dimension Details | I1: Box 2 Dimension Details | N1: Box 3 Dimension Details | S1: Total Weight | U1: Theoretical Weight | Z1: Audit
C2: Long | D2: Med | E2: Smal | F2: Phys.Wht | G2: Sys.Wht | H2: Sys.Wht | I2: Long | J2: Med | K2: Smal | L2: Actual.Wht | M2: Sys.Wht | N2: Long | O2: Med | P2: Smal | Q2: Actual.Wht | R2: Sys.Wht | S2: Sys.Wht | T2: Sys.Wht | V2: Difference | W2: Diff % | X2: CBF | Y2: KG/CBF | Z2: B1 Wt | AA2: B2 Wt | AB2: B3 Wt | AC2: Tot Wt
A3: MTP SKU Code | B3: Chk | C3: Lcm | D3: Bcm | E3: Hcm | F3: PW(gm) | G3: Gms | H3: Kgs | I3: Lcm | J3: Bcm | K3: Hcm | L3: PW(gm) | M3: Kgs | N3: Lcm | O3: Bcm | P3: Hcm | Q3: PW(gm) | R3: Kgs | S3: Gms | T3: Kgs
A4: CS-VW-4 | B4: =VLOOKUP(A4,[2]SKU.Mapping!$B:$C,2,) -> #N/A | C4: 14 | D4: 14 | E4: 9 | F4: 270 | H4: =F4/1000 -> 0.27 | S4: =F4+L4+Q4 -> 270 | T4: =S4/1000 -> 0.27 | U4: =VLOOKUP(A4,[1]Index!$E:$M,7,) -> 61.218384 | V4: =U4-S4 -> -208.78162 | W4: =V4/U4 -> -3.4104398 | X4: =(((C4*D4*E4)+(I4*J4*K4)+(N4*O4*P4))/1000000)*35.32 -> 0.06230448 | Y4: =T4/X4 -> 4.3335568
A5: CS-VW-6 | B5: =VLOOKUP(A5,[2]SKU.Mapping!$B:$C,2,) -> #N/A | C5: 14 | D5: 14 | E5: 8.9 | F5: 460 | H5: =F5/1000 -> 0.46 | S5: =F5+L5+Q5 -> 460 | T5: =S5/1000 -> 0.46 | U5: =VLOOKUP(A5,[1]Index!$E:$M,7,) -> 122.4352 | V5: =U5-S5 -> -337.5648 | W5: =V5/U5 -> -2.7570894 | X5: =(((C5*D5*E5)+(I5*J5*K5)+(N5*O5*P5))/1000000)*35.32 -> 0.061612208 | Y5: =T5/X5 -> 7.4660528
A6: TU-PMN-LA | B6: =VLOOKUP(A6,[2]SKU.Mapping!$B:$C,2,) -> #N/A | C6: 163.2 | D6: 35.7 | E6: 6.5 | F6: 18400 | H6: =G6/1000 -> 0 | S6: =F6+L6+Q6 -> 18400 | T6: =S6/1000 -> 18.4 | U6: =VLOOKUP(A6,[1]Index!$E:$M,7,) -> #N/A | V6: =U6-S6 -> #N/A | W6: =V6/U6 -> #N/A | X6: =(((C6*D6*E6)+(I6*J6*K6)+(N6*O6*P6))/1000000)*35.32 -> 1.3375882 | Y6: =T6/X6 -> 13.756102
A7: TU-PMN-LA | B7: =VLOOKUP(A7,[2]SKU.Mapping!$B:$C,2,) -> #N/A | C7: 163 | D7: 35 | E7: 7.5 | F7: 18315 | H7: =G7/1000 -> 0 | S7: =F7+L7+Q7 -> 18315 | T7: =S7/1000 -> 18.315 | U7: =VLOOKUP(A7,[1]Index!$E:$M,7,) -> #N/A | V7: =U7-S7 -> #N/A | W7: =V7/U7 -> #N/A | X7: =(((C7*D7*E7)+(I7*J7*K7)+(N7*O7*P7))/1000000)*35.32 -> 1.5112545 | Y7: =T7/X7 -> 12.119071
A8: RG-SN-C1 | C8: 20 | D8: 13 | E8: 9 | F8: 400 | G8: =F8/1000 -> 0.4 | R8: =F8+K8+P8 -> 400 | S8: =R8/1000 -> 0.4 | T8: =VLOOKUP(A8,[1]Index!$E:$M,7,) -> #N/A | U8: =T8-R8 -> #N/A | V8: =U8/T8 -> #N/A | W8: =(((C8*D8*E8)+(H8*I8*J8)+(M8*N8*O8))/1000000)*35.32 -> 0.0826488 | X8: =S8/W8 -> 4.8397557
A9: RG-SN-TH | C9: 23 | D9: 12 | E9: 9 | F9: 295 | G9: =F9/1000 -> 0.295 | R9: =F9+K9+P9 -> 295 | S9: =R9/1000 -> 0.295 | T9: =VLOOKUP(A9,[1]Index!$E:$M,7,) -> #N/A | U9: =T9-R9 -> #N/A | V9: =U9/T9 -> #N/A | W9: =(((C9*D9*E9)+(H9*I9*J9)+(M9*N9*O9))/1000000)*35.32 -> 0.08773488 | X9: =S9/W9 -> 3.3624027
A10: PC-AY-L | C10: 13 | D10: 13 | E10: 7 | F10: 290 | G10: =F10/1000 -> 0.29 | R10: =F10+K10+P10 -> 290 | S10: =R10/1000 -> 0.29 | T10: =VLOOKUP(A10,[1]Index!$E:$M,7,) -> #N/A | U10: =T10-R10 -> #N/A | V10: =U10/T10 -> #N/A | W10: =(((C10*D10*E10)+(H10*I10*J10)+(M10*N10*O10))/1000000)*35.32 -> 0.04178356 | X10: =S10/W10 -> 6.9405288
A11: LT-MR | C11: 67 | D11: 42 | E11: 7 | F11: 2765 | G11: =F11/1000 -> 2.765 | R11: =F11+K11+P11 -> 2765 | S11: =R11/1000 -> 2.765 | T11: =VLOOKUP(A11,[1]Index!$E:$M,7,) -> 438.57069 | U11: =T11-R11 -> -2326.4293 | V11: =U11/T11 -> -5.3045709 | W11: =(((C11*D11*E11)+(H11*I11*J11)+(M11*N11*O11))/1000000)*35.32 -> 0.69573336 | X11: =S11/W11 -> 3.9742237
A12: LT-RD-AW | C12: 66 | D12: 34 | E12: 6 | F12: 2870 | G12: =F12/1000 -> 2.87 | R12: =F12+K12+P12 -> 2870 | S12: =R12/1000 -> 2.87 | T12: =VLOOKUP(A12,[1]Index!$E:$M,7,) -> 458.0959 | U12: =T12-R12 -> -2411.9041 | V12: =U12/T12 -> -5.2650637 | W12: =(((C12*D12*E12)+(H12*I12*J12)+(M12*N12*O12))/1000000)*35.32 -> 0.47554848 | X12: =S12/W12 -> 6.0351365
A13: KH-ND-6 | C13: 37 | D13: 10 | E13: 6 | F13: 320 | G13: =F13/1000 -> 0.32 | R13: =F13+K13+P13 -> 320 | S13: =R13/1000 -> 0.32 | T13: =VLOOKUP(A13,[1]Index!$E:$M,7,) -> #N/A | U13: =T13-R13 -> #N/A | V13: =U13/T13 -> #N/A | W13: =(((C13*D13*E13)+(H13*I13*J13)+(M13*N13*O13))/1000000)*35.32 -> 0.0784104 | X13: =S13/W13 -> 4.0810913
A14: KH-SP-W5 | C14: 28 | D14: 19 | E14: 6 | F14: 755 | G14: =F14/1000 -> 0.755 | R14: =F14+K14+P14 -> 755 | S14: =R14/1000 -> 0.755 | T14: =VLOOKUP(A14,[1]Index!$E:$M,7,) -> #N/A | U14: =T14-R14 -> #N/A | V14: =U14/T14 -> #N/A | W14: =(((C14*D14*E14)+(H14*I14*J14)+(M14*N14*O14))/1000000)*35.32 -> 0.11274144 | X14: =S14/W14 -> 6.696739
A15: KH-SP-W9 | C15: 33.5 | D15: 32.5 | E15: 6 | F15: 1725 | G15: =F15/1000 -> 1.725 | R15: =F15+K15+P15 -> 1725 | S15: =R15/1000 -> 1.725 | T15: =VLOOKUP(A15,[1]Index!$E:$M,7,) -> #N/A | U15: =T15-R15 -> #N/A | V15: =U15/T15 -> #N/A | W15: =(((C15*D15*E15)+(H15*I15*J15)+(M15*N15*O15))/1000000)*35.32 -> 0.2307279 | X15: =S15/W15 -> 7.476339
A16: TU-OL-CL | C16: 115 | D16: 39 | E16: 7 | F16: 11810 | G16: =F16/1000 -> 11.81 | R16: =F16+K16+P16 -> 11810 | S16: =R16/1000 -> 11.81 | T16: =VLOOKUP(A16,[1]Index!$E:$M,7,) -> #N/A | U16: =T16-R16 -> #N/A | V16: =U16/T16 -> #N/A | W16: =(((C16*D16*E16)+(H16*I16*J16)+(M16*N16*O16))/1000000)*35.32 -> 1.1088714 | X16: =S16/W16 -> 10.650469
A17: TU-HMD.O | F17: 28000 | R17: =F17+K17+P17 -> 28000 | S17: =R17/1000 -> 28 | T17: =VLOOKUP(A17,[1]Index!$E:$M,7,) -> #N/A | U17: =T17-R17 -> #N/A | V17: =U17/T17 -> #N/A | W17: =(((C17*D17*E17)+(H17*I17*J17)+(M17*N17*O17))/1000000)*35.32 -> 0 | X17: =S17/W17 -> #DIV/0!
A18: TU-SKD.O | F18: 29000 | R18: =F18+K18+P18 -> 29000 | S18: =R18/1000 -> 29 | T18: =VLOOKUP(A18,[1]Index!$E:$M,7,) -> #N/A | U18: =T18-R18 -> #N/A | V18: =U18/T18 -> #N/A | W18: =(((C18*D18*E18)+(H18*I18*J18)+(M18*N18*O18))/1000000)*35.32 -> 0 | X18: =S18/W18 -> #DIV/0!
A19: TU-CRL.O | F19: 26000 | R19: =F19+K19+P19 -> 26000 | S19: =R19/1000 -> 26 | T19: =VLOOKUP(A19,[1]Index!$E:$M,7,) -> #N/A | U19: =T19-R19 -> #N/A | V19: =U19/T19 -> #N/A | W19: =(((C19*D19*E19)+(H19*I19*J19)+(M19*N19*O19))/1000000)*35.32 -> 0 | X19: =S19/W19 -> #DIV/0!
A20: W-AND-2M(O) | F20: 75000 | R20: =F20+K20+P20 -> 75000 | S20: =R20/1000 -> 75 | T20: =VLOOKUP(A20,[1]Index!$E:$M,7,) -> #N/A | U20: =T20-R20 -> #N/A | V20: =U20/T20 -> #N/A | W20: =(((C20*D20*E20)+(H20*I20*J20)+(M20*N20*O20))/1000000)*35.32 -> 0 | X20: =S20/W20 -> #DIV/0!
A21: W-AND-2N(O) | F21: 72000 | R21: =F21+K21+P21 -> 72000 | S21: =R21/1000 -> 72 | T21: =VLOOKUP(A21,[1]Index!$E:$M,7,) -> #N/A | U21: =T21-R21 -> #N/A | V21: =U21/T21 -> #N/A | W21: =(((C21*D21*E21)+(H21*I21*J21)+(M21*N21*O21))/1000000)*35.32 -> 0 | X21: =S21/W21 -> #DIV/0!
A22: W-AND-3M(O) | F22: 97000 | R22: =F22+K22+P22 -> 97000 | S22: =R22/1000 -> 97 | T22: =VLOOKUP(A22,[1]Index!$E:$M,7,) -> #N/A | U22: =T22-R22 -> #N/A | V22: =U22/T22 -> #N/A | W22: =(((C22*D22*E22)+(H22*I22*J22)+(M22*N22*O22))/1000000)*35.32 -> 0 | X22: =S22/W22 -> #DIV/0!
A23: W-AND-3N(O) | F23: 95000 | R23: =F23+K23+P23 -> 95000 | S23: =R23/1000 -> 95 | T23: =VLOOKUP(A23,[1]Index!$E:$M,7,) -> #N/A | U23: =T23-R23 -> #N/A | V23: =U23/T23 -> #N/A | W23: =(((C23*D23*E23)+(H23*I23*J23)+(M23*N23*O23))/1000000)*35.32 -> 0 | X23: =S23/W23 -> #DIV/0!
A24: W-AND-4M(O) | F24: 132000 | R24: =F24+K24+P24 -> 132000 | S24: =R24/1000 -> 132 | T24: =VLOOKUP(A24,[1]Index!$E:$M,7,) -> #N/A | U24: =T24-R24 -> #N/A | V24: =U24/T24 -> #N/A | W24: =(((C24*D24*E24)+(H24*I24*J24)+(M24*N24*O24))/1000000)*35.32 -> 0 | X24: =S24/W24 -> #DIV/0!
A25: W-AND-4N(O) | F25: 128000 | R25: =F25+K25+P25 -> 128000 | S25: =R25/1000 -> 128 | T25: =VLOOKUP(A25,[1]Index!$E:$M,7,) -> #N/A | U25: =T25-R25 -> #N/A | V25: =U25/T25 -> #N/A | W25: =(((C25*D25*E25)+(H25*I25*J25)+(M25*N25*O25))/1000000)*35.32 -> 0 | X25: =S25/W25 -> #DIV/0!
A26: PF-NAH-RTN | R26: =F26+K26+P26 -> 0 | S26: =R26/1000 -> 0 | T26: =VLOOKUP(A26,[1]Index!$E:$M,7,) -> #N/A | U26: =T26-R26 -> #N/A | V26: =U26/T26 -> #N/A | W26: =(((C26*D26*E26)+(H26*I26*J26)+(M26*N26*O26))/1000000)*35.32 -> 0 | X26: =S26/W26 -> #DIV/0!
A27: PF-NAH-RTF | R27: =F27+K27+P27 -> 0 | S27: =R27/1000 -> 0 | T27: =VLOOKUP(A27,[1]Index!$E:$M,7,) -> #N/A | U27: =T27-R27 -> #N/A | V27: =U27/T27 -> #N/A | W27: =(((C27*D27*E27)+(H27*I27*J27)+(M27*N27*O27))/1000000)*35.32 -> 0 | X27: =S27/W27 -> #DIV/0!
A28: MH-EA-4 | F28: 200 | R28: =F28+K28+P28 -> 200 | S28: =R28/1000 -> 0.2 | T28: =VLOOKUP(A28,[1]Index!$E:$M,7,) -> #N/A | U28: =T28-R28 -> #N/A | V28: =U28/T28 -> #N/A | W28: =(((C28*D28*E28)+(H28*I28*J28)+(M28*N28*O28))/1000000)*35.32 -> 0 | X28: =S28/W28 -> #DIV/0!
A29: S-T-16S2 | C29: 47 | D29: 18 | E29: 5.3 | F29: 1450 | G29: =F29/1000 -> 1.45 | R29: =F29+K29+P29 -> 1450 | S29: =R29/1000 -> 1.45 | T29: =VLOOKUP(A29,[1]Index!$E:$M,7,) -> 100.02158 | U29: =T29-R29 -> -1349.9784 | V29: =U29/T29 -> -13.496872 | W29: =(((C29*D29*E29)+(H29*I29*J29)+(M29*N29*O29))/1000000)*35.32 -> 0.15836782 | X29: =S29/W29 -> 9.1559007
A30: SR-OLY-2 | C30: 150 | D30: 41 | E30: 13 | F30: 35600 | G30: =F30/1000 -> 35.6 | R30: =F30+K30+P30 -> 35600 | S30: =R30/1000 -> 35.6 | T30: =VLOOKUP(A30,[1]Index!$E:$M,7,) -> #N/A | U30: =T30-R30 -> #N/A | V30: =U30/T30 -> #N/A | W30: =(((C30*D30*E30)+(H30*I30*J30)+(M30*N30*O30))/1000000)*35.32 -> 2.823834 | X30: =S30/W30 -> 12.606973
A31: SR-KPN-3 | C31: 161 | D31: 44 | E31: 13 | F31: 38300 | G31: =F31/1000 -> 38.3 | R31: =F31+K31+P31 -> 38300 | S31: =R31/1000 -> 38.3 | T31: =VLOOKUP(A31,[1]Index!$E:$M,7,) -> 2577.9156 | U31: =T31-R31 -> -35722.084 | V31: =U31/T31 -> -13.856964 | W31: =(((C31*D31*E31)+(H31*I31*J31)+(M31*N31*O31))/1000000)*35.32 -> 3.2526894 | X31: =S31/W31 -> 11.774871
A32: TU-PM-STWDB | C32: 135.5 | D32: 34.5 | E32: 6.5 | F32: 13550 | G32: =F32/1000 -> 13.55 | R32: =F32+K32+P32 -> 13550 | S32: =R32/1000 -> 13.55 | T32: =VLOOKUP(A32,[1]Index!$E:$M,7,) -> #N/A | U32: =T32-R32 -> #N/A | V32: =U32/T32 -> #N/A | W32: =(((C32*D32*E32)+(H32*I32*J32)+(M32*N32*O32))/1000000)*35.32 -> 1.0732291 | X32: =S32/W32 -> 12.62545
A33: SR-KPN-FW | C33: 104 | D33: 39.5 | E33: 16.3 | F33: 30000 | G33: =F33/1000 -> 30 | R33: =F33+K33+P33 -> 30000 | S33: =R33/1000 -> 30 | T33: =VLOOKUP(A33,[1]Index!$E:$M,7,) -> #N/A | U33: =T33-R33 -> #N/A | V33: =U33/T33 -> #N/A | W33: =(((C33*D33*E33)+(H33*I33*J33)+(M33*N33*O33))/1000000)*35.32 -> 2.3650413 | X33: =S33/W33 -> 12.684768
A34: BT-HE-S | C34: 43 | D34: 41 | E34: 6 | F34: 2340 | G34: =F34/1000 -> 2.34 | R34: =F34+K34+P34 -> 2340 | S34: =R34/1000 -> 2.34 | T34: =VLOOKUP(A34,[1]Index!$E:$M,7,) -> #N/A | U34: =T34-R34 -> #N/A | V34: =U34/T34 -> #N/A | W34: =(((C34*D34*E34)+(H34*I34*J34)+(M34*N34*O34))/1000000)*35.32 -> 0.37361496 | X34: =S34/W34 -> 6.2631325
A35: KH-SP-W5 | B35: SB | O35: =V35*'Audit Dimensions'!$O$2 -> 0 | P35: =F35+J35+N35 -> 0 | Q35: =P35/1000 -> 0 | R35: =MAX(Q35,O35) -> 0 | S35: =VLOOKUP(A35,[1]Index!$E:$M,8,) -> 487.98521 | T35: =S35-P35 -> 487.98521 | U35: =T35/S35 -> 1 | V35: =(((C35*D35*E35)+(G35*H35*I35)+(K35*L35*M35))/1000000)*35.32 -> 0 | W35: =Q35/V35 -> #DIV/0! | X35: phy. not avilable
A36: KH-SP-W9 | B36: SB | O36: =V36*'Audit Dimensions'!$O$2 -> 0 | P36: =F36+J36+N36 -> 0 | Q36: =P36/1000 -> 0 | R36: =MAX(Q36,O36) -> 0 | S36: =VLOOKUP(A36,[1]Index!$E:$M,8,) -> 992.21502 | T36: =S36-P36 -> 992.21502 | U36: =T36/S36 -> 1 | V36: =(((C36*D36*E36)+(G36*H36*I36)+(K36*L36*M36))/1000000)*35.32 -> 0 | W36: =Q36/V36 -> #DIV/0! | X36: phy. not avilable
A37: KH-AM | B37: SB | O37: =V37*'Audit Dimensions'!$O$2 -> 0 | P37: =F37+J37+N37 -> 0 | Q37: =P37/1000 -> 0 | R37: =MAX(Q37,O37) -> 0 | S37: =VLOOKUP(A37,[1]Index!$E:$M,8,) -> 398.59929 | T37: =S37-P37 -> 398.59929 | U37: =T37/S37 -> 1 | V37: =(((C37*D37*E37)+(G37*H37*I37)+(K37*L37*M37))/1000000)*35.32 -> 0 | W37: =Q37/V37 -> #DIV/0! | X37: phy. not avilable
A38: KH-ND-6 | B38: SB | O38: =V38*'Audit Dimensions'!$O$2 -> 0 | P38: =F38+J38+N38 -> 0 | Q38: =P38/1000 -> 0 | R38: =MAX(Q38,O38) -> 0 | S38: =VLOOKUP(A38,[1]Index!$E:$M,8,) -> #N/A | T38: =S38-P38 -> #N/A | U38: =T38/S38 -> #N/A | V38: =(((C38*D38*E38)+(G38*H38*I38)+(K38*L38*M38))/1000000)*35.32 -> 0 | W38: =Q38/V38 -> #DIV/0! | X38: phy. not avilable
A39: PC-AY-L | B39: SB | O39: =V39*'Audit Dimensions'!$O$2 -> 0 | P39: =F39+J39+N39 -> 0 | Q39: =P39/1000 -> 0 | R39: =MAX(Q39,O39) -> 0 | S39: =VLOOKUP(A39,[1]Index!$E:$M,8,) -> #N/A | T39: =S39-P39 -> #N/A | U39: =T39/S39 -> #N/A | V39: =(((C39*D39*E39)+(G39*H39*I39)+(K39*L39*M39))/1000000)*35.32 -> 0 | W39: =Q39/V39 -> #DIV/0! | X39: phy. not avilable
A40: PC-SM-L | B40: SB | O40: =V40*'Audit Dimensions'!$O$2 -> 0 | P40: =F40+J40+N40 -> 0 | Q40: =P40/1000 -> 0 | R40: =MAX(Q40,O40) -> 0 | S40: =VLOOKUP(A40,[1]Index!$E:$M,8,) -> 148.58278 | T40: =S40-P40 -> 148.58278 | U40: =T40/S40 -> 1 | V40: =(((C40*D40*E40)+(G40*H40*I40)+(K40*L40*M40))/1000000)*35.32 -> 0 | W40: =Q40/V40 -> #DIV/0! | X40: phy. not avilable
A41: PC-SM-S | B41: SB | O41: =V41*'Audit Dimensions'!$O$2 -> 0 | P41: =F41+J41+N41 -> 0 | Q41: =P41/1000 -> 0 | R41: =MAX(Q41,O41) -> 0 | S41: =VLOOKUP(A41,[1]Index!$E:$M,8,) -> 150.74286 | T41: =S41-P41 -> 150.74286 | U41: =T41/S41 -> 1 | V41: =(((C41*D41*E41)+(G41*H41*I41)+(K41*L41*M41))/1000000)*35.32 -> 0 | W41: =Q41/V41 -> #DIV/0! | X41: phy. not avilable
A42: RG-SN-C1 | B42: SB | O42: =V42*'Audit Dimensions'!$O$2 -> 0 | P42: =F42+J42+N42 -> 0 | Q42: =P42/1000 -> 0 | R42: =MAX(Q42,O42) -> 0 | S42: =VLOOKUP(A42,[1]Index!$E:$M,8,) -> #N/A | T42: =S42-P42 -> #N/A | U42: =T42/S42 -> #N/A | V42: =(((C42*D42*E42)+(G42*H42*I42)+(K42*L42*M42))/1000000)*35.32 -> 0 | W42: =Q42/V42 -> #DIV/0! | X42: phy. not avilable
A43: RG-SN-TH | B43: SB | O43: =V43*'Audit Dimensions'!$O$2 -> 0 | P43: =F43+J43+N43 -> 0 | Q43: =P43/1000 -> 0 | R43: =MAX(Q43,O43) -> 0 | S43: =VLOOKUP(A43,[1]Index!$E:$M,8,) -> #N/A | T43: =S43-P43 -> #N/A | U43: =T43/S43 -> #N/A | V43: =(((C43*D43*E43)+(G43*H43*I43)+(K43*L43*M43))/1000000)*35.32 -> 0 | W43: =Q43/V43 -> #DIV/0! | X43: phy. not avilable
A44: LT-MR | B44: SB | O44: =V44*'Audit Dimensions'!$O$2 -> 0 | P44: =F44+J44+N44 -> 0 | Q44: =P44/1000 -> 0 | R44: =MAX(Q44,O44) -> 0 | S44: =VLOOKUP(A44,[1]Index!$E:$M,8,) -> 3429.5108 | T44: =S44-P44 -> 3429.5108 | U44: =T44/S44 -> 1 | V44: =(((C44*D44*E44)+(G44*H44*I44)+(K44*L44*M44))/1000000)*35.32 -> 0 | W44: =Q44/V44 -> #DIV/0! | X44: phy. not avilable
A45: LT-RD-AW | B45: SB | O45: =V45*'Audit Dimensions'!$O$2 -> 0 | P45: =F45+J45+N45 -> 0 | Q45: =P45/1000 -> 0 | R45: =MAX(Q45,O45) -> 0 | S45: =VLOOKUP(A45,[1]Index!$E:$M,8,) -> 2952.6443 | T45: =S45-P45 -> 2952.6443 | U45: =T45/S45 -> 1 | V45: =(((C45*D45*E45)+(G45*H45*I45)+(K45*L45*M45))/1000000)*35.32 -> 0 | W45: =Q45/V45 -> #DIV/0! | X45: phy. not avilable
A46: SL-VE-18 | B46: SB | O46: =V46*'Audit Dimensions'!$O$2 -> 0 | P46: =F46+J46+N46 -> 0 | Q46: =P46/1000 -> 0 | R46: =MAX(Q46,O46) -> 0 | S46: =VLOOKUP(A46,[1]Index!$E:$M,8,) -> 3632.9278 | T46: =S46-P46 -> 3632.9278 | U46: =T46/S46 -> 1 | V46: =(((C46*D46*E46)+(G46*H46*I46)+(K46*L46*M46))/1000000)*35.32 -> 0 | W46: =Q46/V46 -> #DIV/0! | X46: phy. not avilable
... A48: TU-OL-CL | B48: SB | O48: =V48*'Audit Dimensions'!$O$2 -> 0 | P48: =F48+J48+N48 -> 0 | Q48: =P48/1000 -> 0 | R48: =MAX(Q48,O48) -> 0 | S48: =VLOOKUP(A48,[1]Index!$E:$M,8,) -> #N/A | T48: =S48-P48 -> #N/A | U48: =T48/S48 -> #N/A | V48: =(((C48*D48*E48)+(G48*H48*I48)+(K48*L48*M48))/1000000)*35.32 -> 0 | W48: =Q48/V48 -> #DIV/0! | X48: phy. not avilable
A49: TU-PM-STWDB | O49: =V49*'Audit Dimensions'!$O$2 -> 0 | P49: =F49+J49+N49 -> 0 | Q49: =P49/1000 -> 0 | R49: =MAX(Q49,O49) -> 0 | S49: =VLOOKUP(A49,[1]Index!$E:$M,8,) -> #N/A | T49: =S49-P49 -> #N/A | U49: =T49/S49 -> #N/A | V49: =(((C49*D49*E49)+(G49*H49*I49)+(K49*L49*M49))/1000000)*35.32 -> 0 | W49: =Q49/V49 -> #DIV/0! | X49: phy. not avilable
A50: WT-EA | O50: =V50*'Audit Dimensions'!$O$2 -> 0 | P50: =F50+J50+N50 -> 0 | Q50: =P50/1000 -> 0 | R50: =MAX(Q50,O50) -> 0 | S50: =VLOOKUP(A50,[1]Index!$E:$M,8,) -> 8966.602 | T50: =S50-P50 -> 8966.602 | U50: =T50/S50 -> 1 | V50: =(((C50*D50*E50)+(G50*H50*I50)+(K50*L50*M50))/1000000)*35.32 -> 0 | W50: =Q50/V50 -> #DIV/0! | X50: phy. not avilable
A51: MH-EA-4 | O51: =V51*'Audit Dimensions'!$O$2 -> 0 | P51: =F51+J51+N51 -> 0 | Q51: =P51/1000 -> 0 | R51: =MAX(Q51,O51) -> 0 | S51: =VLOOKUP(A51,[1]Index!$E:$M,8,) -> #N/A | T51: =S51-P51 -> #N/A | U51: =T51/S51 -> #N/A | V51: =(((C51*D51*E51)+(G51*H51*I51)+(K51*L51*M51))/1000000)*35.32 -> 0 | W51: =Q51/V51 -> #DIV/0! | X51: phy. not avilable
A52: TU-SKD.O | O52: =V52*'Audit Dimensions'!$O$2 -> 0 | P52: =F52+J52+N52 -> 0 | Q52: =P52/1000 -> 0 | R52: =MAX(Q52,O52) -> 0 | S52: =VLOOKUP(A52,[1]Index!$E:$M,8,) -> #N/A | T52: =S52-P52 -> #N/A | U52: =T52/S52 -> #N/A | V52: =(((C52*D52*E52)+(G52*H52*I52)+(K52*L52*M52))/1000000)*35.32 -> 0 | W52: =Q52/V52 -> #DIV/0! | X52: phy. not avilable
A53: WA-CCI.P-DW | O53: =V53*'Audit Dimensions'!$O$2 -> 0 | P53: =F53+J53+N53 -> 0 | Q53: =P53/1000 -> 0 | R53: =MAX(Q53,O53) -> 0 | S53: =VLOOKUP(A53,[1]Index!$E:$M,8,) -> 1078.6687 | T53: =S53-P53 -> 1078.6687 | U53: =T53/S53 -> 1 | V53: =(((C53*D53*E53)+(G53*H53*I53)+(K53*L53*M53))/1000000)*35.32 -> 0 | W53: =Q53/V53 -> #DIV/0! | X53: phy. not avilable
A54: WA-NBA.P-DW | O54: =V54*'Audit Dimensions'!$O$2 -> 0 | P54: =F54+J54+N54 -> 0 | Q54: =P54/1000 -> 0 | R54: =MAX(Q54,O54) -> 0 | S54: =VLOOKUP(A54,[1]Index!$E:$M,8,) -> #N/A | T54: =S54-P54 -> #N/A | U54: =T54/S54 -> #N/A | V54: =(((C54*D54*E54)+(G54*H54*I54)+(K54*L54*M54))/1000000)*35.32 -> 0 | W54: =Q54/V54 -> #DIV/0! | X54: phy. not avilable
A55: W-AND-2M(O) | O55: =V55*'Audit Dimensions'!$O$2 -> 0 | P55: =F55+J55+N55 -> 0 | Q55: =P55/1000 -> 0 | R55: =MAX(Q55,O55) -> 0 | S55: =VLOOKUP(A55,[1]Index!$E:$M,8,) -> #N/A | T55: =S55-P55 -> #N/A | U55: =T55/S55 -> #N/A | V55: =(((C55*D55*E55)+(G55*H55*I55)+(K55*L55*M55))/1000000)*35.32 -> 0 | W55: =Q55/V55 -> #DIV/0! | X55: phy. not avilable
A56: W-AND-2N(O) | O56: =V56*'Audit Dimensions'!$O$2 -> 0 | P56: =F56+J56+N56 -> 0 | Q56: =P56/1000 -> 0 | R56: =MAX(Q56,O56) -> 0 | S56: =VLOOKUP(A56,[1]Index!$E:$M,8,) -> #N/A | T56: =S56-P56 -> #N/A | U56: =T56/S56 -> #N/A | V56: =(((C56*D56*E56)+(G56*H56*I56)+(K56*L56*M56))/1000000)*35.32 -> 0 | W56: =Q56/V56 -> #DIV/0! | X56: phy. not avilable
A57: W-AND-3M(O) | O57: =V57*'Audit Dimensions'!$O$2 -> 0 | P57: =F57+J57+N57 -> 0 | Q57: =P57/1000 -> 0 | R57: =MAX(Q57,O57) -> 0 | S57: =VLOOKUP(A57,[1]Index!$E:$M,8,) -> #N/A | T57: =S57-P57 -> #N/A | U57: =T57/S57 -> #N/A | V57: =(((C57*D57*E57)+(G57*H57*I57)+(K57*L57*M57))/1000000)*35.32 -> 0 | W57: =Q57/V57 -> #DIV/0! | X57: phy. not avilable
A58: W-AND-3N(O) | O58: =V58*'Audit Dimensions'!$O$2 -> 0 | P58: =F58+J58+N58 -> 0 | Q58: =P58/1000 -> 0 | R58: =MAX(Q58,O58) -> 0 | S58: =VLOOKUP(A58,[1]Index!$E:$M,8,) -> #N/A | T58: =S58-P58 -> #N/A | U58: =T58/S58 -> #N/A | V58: =(((C58*D58*E58)+(G58*H58*I58)+(K58*L58*M58))/1000000)*35.32 -> 0 | W58: =Q58/V58 -> #DIV/0! | X58: phy. not avilable
A59: W-AND-4M(O) | O59: =V59*'Audit Dimensions'!$O$2 -> 0 | P59: =F59+J59+N59 -> 0 | Q59: =P59/1000 -> 0 | R59: =MAX(Q59,O59) -> 0 | S59: =VLOOKUP(A59,[1]Index!$E:$M,8,) -> #N/A | T59: =S59-P59 -> #N/A | U59: =T59/S59 -> #N/A | V59: =(((C59*D59*E59)+(G59*H59*I59)+(K59*L59*M59))/1000000)*35.32 -> 0 | W59: =Q59/V59 -> #DIV/0! | X59: phy. not avilable
A60: W-AND-4N(O) | O60: =V60*'Audit Dimensions'!$O$2 -> 0 | P60: =F60+J60+N60 -> 0 | Q60: =P60/1000 -> 0 | R60: =MAX(Q60,O60) -> 0 | S60: =VLOOKUP(A60,[1]Index!$E:$M,8,) -> #N/A | T60: =S60-P60 -> #N/A | U60: =T60/S60 -> #N/A | V60: =(((C60*D60*E60)+(G60*H60*I60)+(K60*L60*M60))/1000000)*35.32 -> 0 | W60: =Q60/V60 -> #DIV/0! | X60: phy. not avilable
A61: TU-CRL.O | B61: SB | O61: =V61*'Audit Dimensions'!$O$2 -> 0 | P61: =F61+J61+N61 -> 0 | Q61: =P61/1000 -> 0 | R61: =MAX(Q61,O61) -> 0 | S61: =VLOOKUP(A61,[1]Index!$E:$M,8,) -> #N/A | T61: =S61-P61 -> #N/A | U61: =T61/S61 -> #N/A | V61: =(((C61*D61*E61)+(G61*H61*I61)+(K61*L61*M61))/1000000)*35.32 -> 0 | W61: =Q61/V61 -> #DIV/0! | X61: phy. not avilable
A62: BT-LE-S | B62: SB | O62: =V62*'Audit Dimensions'!$O$2 -> 0 | P62: =F62+J62+N62 -> 0 | Q62: =P62/1000 -> 0 | R62: =MAX(Q62,O62) -> 0 | S62: =VLOOKUP(A62,[1]Index!$E:$M,8,) -> 14061.879 | T62: =S62-P62 -> 14061.879 | U62: =T62/S62 -> 1 | V62: =(((C62*D62*E62)+(G62*H62*I62)+(K62*L62*M62))/1000000)*35.32 -> 0 | W62: =Q62/V62 -> #DIV/0! | X62: phy. not avilable
A63: CMB-RELO | B63: MB | O63: =V63*'Audit Dimensions'!$O$2 -> 0 | P63: =F63+J63+N63 -> 0 | Q63: =P63/1000 -> 0 | R63: =MAX(Q63,O63) -> 0 | S63: =VLOOKUP(A63,[1]Index!$E:$M,8,) -> #N/A | T63: =S63-P63 -> #N/A | U63: =T63/S63 -> #N/A | V63: =(((C63*D63*E63)+(G63*H63*I63)+(K63*L63*M63))/1000000)*35.32 -> 0 | W63: =Q63/V63 -> #DIV/0! | X63: phy. not avilable
A64: S-LC | B64: SB | O64: =V64*'Audit Dimensions'!$O$2 -> 0 | P64: =F64+J64+N64 -> 0 | Q64: =P64/1000 -> 0 | R64: =MAX(Q64,O64) -> 0 | S64: =VLOOKUP(A64,[1]Index!$E:$M,8,) -> 1769.1214 | T64: =S64-P64 -> 1769.1214 | U64: =T64/S64 -> 1 | V64: =(((C64*D64*E64)+(G64*H64*I64)+(K64*L64*M64))/1000000)*35.32 -> 0 | W64: =Q64/V64 -> #DIV/0! | X64: phy. not avilable
A65: S-T-16S2 | B65: SB | O65: =V65*'Audit Dimensions'!$O$2 -> 0 | P65: =F65+J65+N65 -> 0 | Q65: =P65/1000 -> 0 | R65: =MAX(Q65,O65) -> 0 | S65: =VLOOKUP(A65,[1]Index!$E:$M,8,) -> 1623.0922 | T65: =S65-P65 -> 1623.0922 | U65: =T65/S65 -> 1 | V65: =(((C65*D65*E65)+(G65*H65*I65)+(K65*L65*M65))/1000000)*35.32 -> 0 | W65: =Q65/V65 -> #DIV/0! | X65: phy. not avilable
A66: S-TW12-S4 | B66: SB | O66: =V66*'Audit Dimensions'!$O$2 -> 0 | P66: =F66+J66+N66 -> 0 | Q66: =P66/1000 -> 0 | R66: =MAX(Q66,O66) -> 0 | S66: =VLOOKUP(A66,[1]Index!$E:$M,8,) -> #N/A | T66: =S66-P66 -> #N/A | U66: =T66/S66 -> #N/A | V66: =(((C66*D66*E66)+(G66*H66*I66)+(K66*L66*M66))/1000000)*35.32 -> 0 | W66: =Q66/V66 -> #DIV/0! | X66: phy. not avilable
A67: TU-CBR-ST | B67: SB | O67: =V67*'Audit Dimensions'!$O$2 -> 0 | P67: =F67+J67+N67 -> 0 | Q67: =P67/1000 -> 0 | R67: =MAX(Q67,O67) -> 0 | S67: =VLOOKUP(A67,[1]Index!$E:$M,8,) -> 4987.4665 | T67: =S67-P67 -> 4987.4665 | U67: =T67/S67 -> 1 | V67: =(((C67*D67*E67)+(G67*H67*I67)+(K67*L67*M67))/1000000)*35.32 -> 0 | W67: =Q67/V67 -> #DIV/0! | X67: phy. not avilable
A68: TU-DAR | B68: MB | O68: =V68*'Audit Dimensions'!$O$2 -> 0 | P68: =F68+J68+N68 -> 0 | Q68: =P68/1000 -> 0 | R68: =MAX(Q68,O68) -> 0 | S68: =VLOOKUP(A68,[1]Index!$E:$M,8,) -> 46233.298 | T68: =S68-P68 -> 46233.298 | U68: =T68/S68 -> 1 | V68: =(((C68*D68*E68)+(G68*H68*I68)+(K68*L68*M68))/1000000)*35.32 -> 0 | W68: =Q68/V68 -> #DIV/0! | X68: phy. not avilable
A69: TU-NVH-ST | B69: SB | O69: =V69*'Audit Dimensions'!$O$2 -> 0 | P69: =F69+J69+N69 -> 0 | Q69: =P69/1000 -> 0 | R69: =MAX(Q69,O69) -> 0 | S69: =VLOOKUP(A69,[1]Index!$E:$M,8,) -> 28834.981 | T69: =S69-P69 -> 28834.981 | U69: =T69/S69 -> 1 | V69: =(((C69*D69*E69)+(G69*H69*I69)+(K69*L69*M69))/1000000)*35.32 -> 0 | W69: =Q69/V69 -> #DIV/0! | X69: phy. not avilable
A70: TU-RE-ST | O70: =V70*'Audit Dimensions'!$O$2 -> 0 | P70: =F70+J70+N70 -> 0 | Q70: =P70/1000 -> 0 | R70: =MAX(Q70,O70) -> 0 | S70: =VLOOKUP(A70,[1]Index!$E:$M,8,) -> 8644.3612 | T70: =S70-P70 -> 8644.3612 | U70: =T70/S70 -> 1 | V70: =(((C70*D70*E70)+(G70*H70*I70)+(K70*L70*M70))/1000000)*35.32 -> 0 | W70: =Q70/V70 -> #DIV/0! | X70: phy. not avilable
A71: TU-ARO-ST | B71: SB | O71: =V71*'Audit Dimensions'!$O$2 -> 0 | P71: =F71+J71+N71 -> 0 | Q71: =P71/1000 -> 0 | R71: =MAX(Q71,O71) -> 0 | S71: =VLOOKUP(A71,[1]Index!$E:$M,8,) -> 3482.8327 | T71: =S71-P71 -> 3482.8327 | U71: =T71/S71 -> 1 | V71: =(((C71*D71*E71)+(G71*H71*I71)+(K71*L71*M71))/1000000)*35.32 -> 0 | W71: =Q71/V71 -> #DIV/0! | X71: phy. not avilable
A72: S-TCW-8P2 | B72: SB | C72: 0 | D72: 0 | E72: 0 | F72: 0 | O72: =V72*'Audit Dimensions'!$O$2 -> 0 | P72: =F72+J72+N72 -> 0 | Q72: =P72/1000 -> 0 | R72: =MAX(Q72,O72) -> 0 | S72: =VLOOKUP(A72,[1]Index!$E:$M,8,) -> #N/A | T72: =S72-P72 -> #N/A | U72: =T72/S72 -> #N/A | V72: =(((C72*D72*E72)+(G72*H72*I72)+(K72*L72*M72))/1000000)*35.32 -> 0 | W72: =Q72/V72 -> #DIV/0! | X72: phy. not avilable
A73: S-RY | B73: SB | O73: =V73*'Audit Dimensions'!$O$2 -> 0 | P73: =F73+J73+N73 -> 0 | Q73: =P73/1000 -> 0 | R73: =MAX(Q73,O73) -> 0 | S73: =VLOOKUP(A73,[1]Index!$E:$M,8,) -> 3875.0741 | T73: =S73-P73 -> 3875.0741 | U73: =T73/S73 -> 1 | V73: =(((C73*D73*E73)+(G73*H73*I73)+(K73*L73*M73))/1000000)*35.32 -> 0 | W73: =Q73/V73 -> #DIV/0! | X73: phy. not avilable
