Workbook

Sheet Calculator
A2: Pincode | B2: 100011
A3: Weight | B3: 10
A8: Companies | B8: Blue Dart | C8: Delhivery | D8: DTDC | E8: XpressBees | F8: Ecom Express | T8: Zone | U8: Blue Dart | V8: Zone | W8: Delhivery | X8: Zone | Y8: DTDC | Z8: Zone | AA8: XpressBees | AB8: Zone | AC8: Ecom Express
A9: Zone | B9: =VLOOKUP(B2,'Blue Dart'!A:B,2,) -> Zone 3 | C9: =VLOOKUP(B2,Delhivery!A:B,2,) -> Zone 2 | D9: =VLOOKUP(B2,DTDC!A:B,2,) -> Zone 1 | E9: =VLOOKUP(B2,XpressBees!A:B,2,) -> Zone 4 | F9: =VLOOKUP(B2,'Ecom Express'!A:B,2,) -> Zone 4 | T9: Zone 1 | U9: 9 | V9: Zone 1 | W9: 10 | X9: Zone 1 | Y9: 11 | Z9: Zone 1 | AA9: 10 | AB9: Zone 1 | AC9: 12
A10: Rate | B10: =VLOOKUP(B9,T8:U12,2,) -> 15 | C10: =VLOOKUP(C9,V8:W12,2,) -> 13 | D10: =VLOOKUP(D9,X8:Y12,2,0) -> 11 | E10: =VLOOKUP(E9,Z8:AA12,2,) -> 13 | F10: =VLOOKUP(F9,AB8:AC12,2,) -> 18 | T10: Zone 2 | U10: 12 | V10: Zone 2 | W10: 13 | X10: Zone 2 | Y10: 15 | Z10: Zone 2 | AA10: 11 | AB10: Zone 2 | AC10: 14
A11: Weight Charge | B11: =B15*B10 -> 180 | C11: =C10*C15 -> 195 | D11: =D10*D15 -> 220 | E11: =E10*E15 -> 130 | F11: =F10*F15 -> 324 | T11: Zone 3 | U11: 15 | V11: Zone 3 | W11: 16 | X11: Zone 3 | Y11: 19 | Z11: Zone 3 | AA11: 12 | AB11: Zone 3 | AC11: 16
A12: ROV | B12: 50 | C12: 60 | D12: 70 | E12: 80 | F12: 100 | T12: Zone 4 | U12: 18 | V12: Zone 4 | W12: 19 | X12: Zone 4 | Y12: 23 | Z12: Zone 4 | AA12: 13 | AB12: Zone 4 | AC12: 18
A13: Fuel Surcharge | B13: =B11*15% -> 27 | C13: =C11*50% -> 97.5 | D13: =D11*20% -> 44 | E13: =E11*25% -> 32.5 | F13: =F11*50% -> 162
A14: Docket Charge | B14: 50 | C14: 75 | D14: 75 | E14: 100 | F14: 150
A15: Minimum Chargeble Weight | B15: =IF(B3>12,B3,12) -> 12 | C15: =IF(B3>15,B3,15) -> 15 | D15: =IF(B3>20,B3,20) -> 20 | E15: =IF(B3>10,B3,10) -> 10 | F15: =IF(B3>18,B3,18) -> 18
A17: Total Cost | B17: =B14+B13+B12+B11 -> 307 | C17: =C14+C13+C12+C11 -> 427.5 | D17: =D14+D13+D12+D11 -> 409 | E17: =E14+E13+E12+E11 -> 342.5 | F17: =F14+F13+F12+F11 -> 736
A19: Preferred Partner | B19: =_xlfn.XLOOKUP(C19,B17:F17,B8:F8,,0,) -> Blue Dart | C19: =MIN(B17:F17) -> 307

Sheet README
A1: Logistics Courier Comparison Calculator
A2: --------------------------------------
A3: How to use:
A4: 1) Go to the 'Input' sheet and enter Pincode (6-digit), Weight (kg), Shipment Type, and COD option.
A5: 2) Paste each courier's zone-wise pincode list into the 'Zones' sheet (columns: Company, Pincode, Zone).
A6: 3) Fill the 'Rates' sheet with each company's rate card per Zone: First Kg Charge, Addl per Kg, Min Charge, Fuel Surcharge %, COD Fees (flat), GST %.
A7: 4) List the companies you want to compare in the 'Companies' sheet (column A).
A8: 5) Open the 'Compare' sheet to see zone detection and total landed cost per company.
A9: Notes:
A10: - Fuel Surcharge % and GST % should be entered as decimal percentages (e.g., 0.18 for 18%).
A11: - You can expand the Zones and Rates data down to row 1000; formulas are set to look within that range.

Sheet Input
B2: Shipment Inputs
A3: Pincode
A4: Weight (kg) | B4: 1
A5: Shipment Type | B5: Non-Docs
A6: COD? | B6: No
A7: Declared Value (optional) | B7: 0

Sheet Companies
A1: Company
A2: Delhivery
A3: Blue Dart
A4: DTDC
A5: XpressBees
A6: Ecom Express

Sheet Zones
A1: Company | B1: Pincode | C1: Zone
A2: Delhivery | B2: 110001 | C2: Metro
A3: Delhivery | B3: 560001 | C3: Metro
A4: Blue Dart | B4: 110001 | C4: Metro
A5: DTDC | B5: 400001 | C5: Metro
A6: XpressBees | B6: 700001 | C6: Metro
A7: Ecom Express | B7: 600001 | C7: Metro
A8: Delhivery | B8: 202001 | C8: Tier-2
A9: Blue Dart | B9: 202001 | C9: Tier-2

Sheet Rates
A1: Company | B1: Zone | C1: First Kg Charge | D1: Addl per Kg | E1: Min Charge | F1: Fuel Surcharge % | G1: COD Fee (Flat) | H1: GST %
A2: Delhivery | B2: Metro | C2: 50 | D2: 30 | E2: 50 | F2: 0.18 | G2: 30 | H2: 0.18
A3: Delhivery | B3: Tier-2 | C3: 60 | D3: 35 | E3: 60 | F3: 0.18 | G3: 30 | H3: 0.18
A4: Blue Dart | B4: Metro | C4: 70 | D4: 35 | E4: 70 | F4: 0.22 | G4: 50 | H4: 0.18
A5: DTDC | B5: Metro | C5: 55 | D5: 32 | E5: 55 | F5: 0.18 | G5: 40 | H5: 0.18
A6: XpressBees | B6: Metro | C6: 45 | D6: 28 | E6: 45 | F6: 0.18 | G6: 25 | H6: 0.18
A7: Ecom Express | B7: Metro | C7: 48 | D7: 30 | E7: 48 | F7: 0.2 | G7: 35 | H7: 0.18

Sheet Compare
A1: Company | B1: Zone | C1: Base Cost | D1: Fuel Surcharge | E1: COD Fee | F1: Subtotal | G1: GST | H1: Total
A2: =Companies!A2 -> Delhivery | F2: =SUM($C2:$E2) -> 0 | H2: =$F2+$G2 -> 0
A3: =Companies!A3 -> Blue Dart | F3: =SUM($C3:$E3) -> 0 | H3: =$F3+$G3 -> 0
A4: =Companies!A4 -> DTDC | F4: =SUM($C4:$E4) -> 0 | H4: =$F4+$G4 -> 0
A5: =Companies!A5 -> XpressBees | F5: =SUM($C5:$E5) -> 0 | H5: =$F5+$G5 -> 0
A6: =Companies!A6 -> Ecom Express | F6: =SUM($C6:$E6) -> 0 | H6: =$F6+$G6 -> 0

Sheet Blue Dart
A1: Pincode | B1: Zone
A2: 100001 | B2: Zone 1
A3: 100002 | B3: Zone 2
A4: 100003 | B4: Zone 3
A5: 100004 | B5: Zone 4
A6: 100005 | B6: Zone 1
A7: 100006 | B7: Zone 2
A8: 100007 | B8: Zone 3
A9: 100008 | B9: Zone 4
A10: 100009 | B10: Zone 1
A11: 100010 | B11: Zone 2
A12: 100011 | B12: Zone 3
A13: 100012 | B13: Zone 4
... A21: 100020 | B21: Zone 4

Sheet Delhivery
A1: Pincode | B1: Zone
A2: 100001 | B2: Zone 4
A3: 100002 | B3: Zone 1
A4: 100003 | B4: Zone 2
A5: 100004 | B5: Zone 3
A6: 100005 | B6: Zone 4
A7: 100006 | B7: Zone 1
A8: 100007 | B8: Zone 2
A9: 100008 | B9: Zone 3
A10: 100009 | B10: Zone 4
A11: 100010 | B11: Zone 1
A12: 100011 | B12: Zone 2
A13: 100012 | B13: Zone 3
... A21: 100020 | B21: Zone 3

Sheet DTDC
A1: Pincode | B1: Zone
A2: 100001 | B2: Zone 3
A3: 100002 | B3: Zone 4
A4: 100003 | B4: Zone 1
A5: 100004 | B5: Zone 2
A6: 100005 | B6: Zone 3
A7: 100006 | B7: Zone 4
A8: 100007 | B8: Zone 1
A9: 100008 | B9: Zone 2
A10: 100009 | B10: Zone 3
A11: 100010 | B11: Zone 4
A12: 100011 | B12: Zone 1
A13: 100012 | B13: Zone 2
... A21: 100020 | B21: Zone 2

Sheet XpressBees
A1: Pincode | B1: Zone
A2: 100001 | B2: Zone 2
A3: 100002 | B3: Zone 3
A4: 100003 | B4: Zone 4
A5: 100004 | B5: Zone 1
A6: 100005 | B6: Zone 2
A7: 100006 | B7: Zone 3
A8: 100007 | B8: Zone 4
A9: 100008 | B9: Zone 1
A10: 100009 | B10: Zone 2
A11: 100010 | B11: Zone 3
A12: 100011 | B12: Zone 4
A13: 100012 | B13: Zone 1
... A21: 100020 | B21: Zone 1

Sheet Ecom Express
A1: Pincode | B1: Zone
A2: 100001 | B2: Zone 2
A3: 100002 | B3: Zone 3
A4: 100003 | B4: Zone 4
A5: 100004 | B5: Zone 1
A6: 100005 | B6: Zone 2
A7: 100006 | B7: Zone 3
A8: 100007 | B8: Zone 4
A9: 100008 | B9: Zone 1
A10: 100009 | B10: Zone 2
A11: 100010 | B11: Zone 3
A12: 100011 | B12: Zone 4
A13: 100012 | B13: Zone 1
... A21: 100020 | B21: Zone 1
